{"condition": "clean", "prompt_variant": "primary", "slurp_id": 7043, "gold_intent": "alarm_set", "gold_sentence": "set an alarm for two hours from now please", "transcription": "Set an alarm for two hours from now please.", "asr_model": "mlx-community/whisper-large-v3-turbo", "wer": null, "predicted_intent_raw": "alarm_set", "predicted_intent": "alarm_set", "predicted_parameters": {"time": "two hours from now"}, "tsa": 1}
{"condition": "clean", "prompt_variant": "primary", "slurp_id": 9136, "gold_intent": "calendar_query", "gold_sentence": "any meeting on friday", "transcription": "Any meeting on?", "asr_model": "mlx-community/whisper-large-v3-turbo", "wer": null, "predicted_intent_raw": "calendar_query", "predicted_intent": "calendar_query", "predicted_parameters": {}, "tsa": 1}
{"condition": "clean", "prompt_variant": "primary", "slurp_id": 8272, "gold_intent": "calendar_set", "gold_sentence": "add my upcoming meeting to my calendar", "transcription": "Add my upcoming meeting to my calendar", "asr_model": "mlx-community/whisper-large-v3-turbo", "wer": null, "predicted_intent_raw": "calendar_set", "predicted_intent": "calendar_set", "predicted_parameters": {}, "tsa": 1}
{"condition": "clean", "prompt_variant": "primary", "slurp_id": 10973, "gold_intent": "lists_createoradd", "gold_sentence": "create a new list for school supplies", "transcription": "Create a new list for school supplies.", "asr_model": "mlx-community/whisper-large-v3-turbo", "wer": null, "predicted_intent_raw": "lists_createoradd", "predicted_intent": "lists_createoradd", "predicted_parameters": {"list_name": "school supplies"}, "tsa": 1}
{"condition": "clean", "prompt_variant": "primary", "slurp_id": 4853, "gold_intent": "alarm_set", "gold_sentence": "please set my alarm", "transcription": "Please set my alarm.", "asr_model": "mlx-community/whisper-large-v3-turbo", "wer": null, "predicted_intent_raw": "alarm_set", "predicted_intent": "alarm_set", "predicted_parameters": {}, "tsa": 1}
{"condition": "clean", "prompt_variant": "primary", "slurp_id": 10754, "gold_intent": "lists_query", "gold_sentence": "read back what i put on my to do list for this week", "transcription": "PDA, read back what I put on my to-do list for this week.", "asr_model": "mlx-community/whisper-large-v3-turbo", "wer": null, "predicted_intent_raw": "lists_query", "predicted_intent": "lists_query", "predicted_parameters": {"list_name": "to-do"}, "tsa": 1}
{"condition": "clean", "prompt_variant": "primary", "slurp_id": 6751, "gold_intent": "calendar_query", "gold_sentence": "when is my next meeting", "transcription": "My next meeting.", "asr_model": "mlx-community/whisper-large-v3-turbo", "wer": null, "predicted_intent_raw": "calendar_query", "predicted_intent": "calendar_query", "predicted_parameters": {}, "tsa": 1}
{"condition": "clean", "prompt_variant": "primary", "slurp_id": 10806, "gold_intent": "lists_query", "gold_sentence": "will you please show me my lists", "transcription": "Will you please show me my lists?", "asr_model": "mlx-community/whisper-large-v3-turbo", "wer": null, "predicted_intent_raw": "lists_query", "predicted_intent": "lists_query", "predicted_parameters": {}, "tsa": 1}
{"condition": "clean", "prompt_variant": "primary", "slurp_id": 6827, "gold_intent": "calendar_query", "gold_sentence": "have you added a meeting with tom tomorrow at nine pm", "transcription": "We added a meeting with Tom tomorrow at 9 p.m.", "asr_model": "mlx-community/whisper-large-v3-turbo", "wer": null, "predicted_intent_raw": "calendar_set", "predicted_intent": "calendar_set", "predicted_parameters": {"person": "Tom", "date": "tomorrow", "time": "9:00 PM"}, "tsa": 0}
{"condition": "clean", "prompt_variant": "primary", "slurp_id": 8873, "gold_intent": "calendar_set", "gold_sentence": "remember dinner on thursday at bistro italia", "transcription": "Remember dinner on Thursday at Bistro Italia.", "asr_model": "mlx-community/whisper-large-v3-turbo", "wer": null, "predicted_intent_raw": "calendar_set", "predicted_intent": "calendar_set", "predicted_parameters": {"event_name": "dinner", "date": "Thursday", "location": "Bistro Italia"}, "tsa": 1}
{"condition": "clean", "prompt_variant": "primary", "slurp_id": 11160, "gold_intent": "lists_remove", "gold_sentence": "i don't want eggs", "transcription": "I don't want the ex.", "asr_model": "mlx-community/whisper-large-v3-turbo", "wer": null, "predicted_intent_raw": "unknown", "predicted_intent": "unknown", "predicted_parameters": {}, "tsa": 0}
{"condition": "clean", "prompt_variant": "primary", "slurp_id": 7753, "gold_intent": "calendar_query", "gold_sentence": "what do i have to do on monday", "transcription": "I have to do a moment.", "asr_model": "mlx-community/whisper-large-v3-turbo", "wer": null, "predicted_intent_raw": "unknown", "predicted_intent": "unknown", "predicted_parameters": {}, "tsa": 0}
{"condition": "clean", "prompt_variant": "primary", "slurp_id": 10666, "gold_intent": "lists_query", "gold_sentence": "read the list", "transcription": "Wait to last", "asr_model": "mlx-community/whisper-large-v3-turbo", "wer": null, "predicted_intent_raw": "unknown", "predicted_intent": "unknown", "predicted_parameters": {}, "tsa": 0}
{"condition": "clean", "prompt_variant": "primary", "slurp_id": 10741, "gold_intent": "lists_createoradd", "gold_sentence": "add something to my list", "transcription": "as something to my list", "asr_model": "mlx-community/whisper-large-v3-turbo", "wer": null, "predicted_intent_raw": "lists_createoradd", "predicted_intent": "lists_createoradd", "predicted_parameters": {}, "tsa": 1}
{"condition": "clean", "prompt_variant": "primary", "slurp_id": 8146, "gold_intent": "calendar_remove", "gold_sentence": "cancel my meeting on the fourteenth", "transcription": "Cancel my meeting on the 14th.", "asr_model": "mlx-community/whisper-large-v3-turbo", "wer": null, "predicted_intent_raw": "calendar_remove", "predicted_intent": "calendar_remove", "predicted_parameters": {"date": "14th"}, "tsa": 1}
{"condition": "clean", "prompt_variant": "primary", "slurp_id": 8802, "gold_intent": "calendar_set", "gold_sentence": "please remind me of", "transcription": "Please remind me of...", "asr_model": "mlx-community/whisper-large-v3-turbo", "wer": null, "predicted_intent_raw": "unknown", "predicted_intent": "unknown", "predicted_parameters": {}, "tsa": 0}
{"condition": "clean", "prompt_variant": "primary", "slurp_id": 10901, "gold_intent": "lists_createoradd", "gold_sentence": "create a new list of", "transcription": "Great new list of...", "asr_model": "mlx-community/whisper-large-v3-turbo", "wer": null, "predicted_intent_raw": "lists_createoradd", "predicted_intent": "lists_createoradd", "predicted_parameters": {}, "tsa": 1}
{"condition": "clean", "prompt_variant": "primary", "slurp_id": 7852, "gold_intent": "calendar_set", "gold_sentence": "add event baseball practice five pm tonight", "transcription": "At event, baseball practice 5 p.m. tonight.", "asr_model": "mlx-community/whisper-large-v3-turbo", "wer": null, "predicted_intent_raw": "calendar_set", "predicted_intent": "calendar_set", "predicted_parameters": {"event_name": "baseball practice", "time": "5:00 PM", "date": "tonight"}, "tsa": 1}
{"condition": "clean", "prompt_variant": "primary", "slurp_id": 10883, "gold_intent": "lists_remove", "gold_sentence": "please tell me how can i remove the item", "transcription": "Please tell me how can you remove the item?", "asr_model": "mlx-community/whisper-large-v3-turbo", "wer": null, "predicted_intent_raw": "unknown", "predicted_intent": "unknown", "predicted_parameters": {}, "tsa": 0}
{"condition": "clean", "prompt_variant": "primary", "slurp_id": 7174, "gold_intent": "calendar_remove", "gold_sentence": "cancel", "transcription": "Cancel.", "asr_model": "mlx-community/whisper-large-v3-turbo", "wer": null, "predicted_intent_raw": "unknown", "predicted_intent": "unknown", "predicted_parameters": {}, "tsa": 0}
{"condition": "clean", "prompt_variant": "primary", "slurp_id": 10521, "gold_intent": "lists_remove", "gold_sentence": "erase my old english songs list", "transcription": "Erase my old English songs list.", "asr_model": "mlx-community/whisper-large-v3-turbo", "wer": null, "predicted_intent_raw": "lists_remove", "predicted_intent": "lists_remove", "predicted_parameters": {"list_name": "old English songs"}, "tsa": 1}
{"condition": "clean", "prompt_variant": "primary", "slurp_id": 7631, "gold_intent": "calendar_set", "gold_sentence": "set twelve noon prayer for every friday", "transcription": "Set 12 noon prayer for every Friday.", "asr_model": "mlx-community/whisper-large-v3-turbo", "wer": null, "predicted_intent_raw": "alarm_set", "predicted_intent": "alarm_set", "predicted_parameters": {"time": "12:00 PM", "date": "every Friday"}, "tsa": 0}
{"condition": "clean", "prompt_variant": "primary", "slurp_id": 10648, "gold_intent": "lists_createoradd", "gold_sentence": "add grocery to list", "transcription": "Add grocery to list", "asr_model": "mlx-community/whisper-large-v3-turbo", "wer": null, "predicted_intent_raw": "lists_createoradd", "predicted_intent": "lists_createoradd", "predicted_parameters": {"item_name": "grocery"}, "tsa": 1}
{"condition": "clean", "prompt_variant": "primary", "slurp_id": 2720, "gold_intent": "alarm_set", "gold_sentence": "set an alarm for five thirty", "transcription": "Set an alarm for 5.30.", "asr_model": "mlx-community/whisper-large-v3-turbo", "wer": null, "predicted_intent_raw": "alarm_set", "predicted_intent": "alarm_set", "predicted_parameters": {"time": "5:30"}, "tsa": 1}
{"condition": "clean", "prompt_variant": "primary", "slurp_id": 7445, "gold_intent": "calendar_set", "gold_sentence": "please create an event with only these people", "transcription": "This creates an event with only these people.", "asr_model": "mlx-community/whisper-large-v3-turbo", "wer": null, "predicted_intent_raw": "calendar_set", "predicted_intent": "calendar_set", "predicted_parameters": {}, "tsa": 1}
{"condition": "clean", "prompt_variant": "primary", "slurp_id": 3463, "gold_intent": "alarm_set", "gold_sentence": "i would like a wake up alarm at seven am tomorrow", "transcription": "I would like to wake up alarm at 7 a.m. tomorrow.", "asr_model": "mlx-community/whisper-large-v3-turbo", "wer": null, "predicted_intent_raw": "alarm_set", "predicted_intent": "alarm_set", "predicted_parameters": {"time": "7:00 AM", "date": "tomorrow"}, "tsa": 1}
{"condition": "clean", "prompt_variant": "primary", "slurp_id": 8258, "gold_intent": "calendar_query", "gold_sentence": "more about the concert in st pete", "transcription": "More about the concert in St. Pete.", "asr_model": "mlx-community/whisper-large-v3-turbo", "wer": null, "predicted_intent_raw": "unknown", "predicted_intent": "unknown", "predicted_parameters": {}, "tsa": 0}
{"condition": "clean", "prompt_variant": "primary", "slurp_id": 8655, "gold_intent": "calendar_set", "gold_sentence": "add an event starting at three pm in goshen new york on may fifth for dan's graduation", "transcription": "At an event starting at 3 p.m. in Boston, New York on May 5th for dance graduation.", "asr_model": "mlx-community/whisper-large-v3-turbo", "wer": null, "predicted_intent_raw": "calendar_set", "predicted_intent": "calendar_set", "predicted_parameters": {"time": "3:00 PM", "event_name": "dance graduation", "date": "May 5th"}, "tsa": 1}
{"condition": "clean", "prompt_variant": "primary", "slurp_id": 8152, "gold_intent": "calendar_query", "gold_sentence": "give me information about the concert on tuesday night", "transcription": "Give me information about the concert on Tuesday night.", "asr_model": "mlx-community/whisper-large-v3-turbo", "wer": null, "predicted_intent_raw": "calendar_query", "predicted_intent": "calendar_query", "predicted_parameters": {"date": "Tuesday night"}, "tsa": 1}
{"condition": "clean", "prompt_variant": "primary", "slurp_id": 10728, "gold_intent": "lists_query", "gold_sentence": "display available lists", "transcription": "Display available lists", "asr_model": "mlx-community/whisper-large-v3-turbo", "wer": null, "predicted_intent_raw": "lists_query", "predicted_intent": "lists_query", "predicted_parameters": {}, "tsa": 1}
{"condition": "clean", "prompt_variant": "primary", "slurp_id": 10925, "gold_intent": "lists_createoradd", "gold_sentence": "create a new list of my pending bills", "transcription": "I made a new list for my pending bills.", "asr_model": "mlx-community/whisper-large-v3-turbo", "wer": null, "predicted_intent_raw": "lists_createoradd", "predicted_intent": "lists_createoradd", "predicted_parameters": {"list_name": "pending bills"}, "tsa": 1}
{"condition": "clean", "prompt_variant": "primary", "slurp_id": 7101, "gold_intent": "calendar_set", "gold_sentence": "let me know the morning of my doctor appointment on the twelfth", "transcription": "Let me know the morning of my daughter appointment on the 12th.", "asr_model": "mlx-community/whisper-large-v3-turbo", "wer": null, "predicted_intent_raw": "calendar_query", "predicted_intent": "calendar_query", "predicted_parameters": {"date": "12th"}, "tsa": 0}
{"condition": "clean", "prompt_variant": "primary", "slurp_id": 11022, "gold_intent": "lists_remove", "gold_sentence": "we're out of paint so take bathroom painting off the list", "transcription": "We're out of paint so take bathroom painting off the list.", "asr_model": "mlx-community/whisper-large-v3-turbo", "wer": null, "predicted_intent_raw": "lists_remove", "predicted_intent": "lists_remove", "predicted_parameters": {"item_name": "bathroom painting"}, "tsa": 1}
{"condition": "clean", "prompt_variant": "primary", "slurp_id": 7309, "gold_intent": "calendar_query", "gold_sentence": "what is my first appointment today", "transcription": "What is my first appointment today?", "asr_model": "mlx-community/whisper-large-v3-turbo", "wer": null, "predicted_intent_raw": "calendar_query", "predicted_intent": "calendar_query", "predicted_parameters": {"date": "today"}, "tsa": 1}
{"condition": "clean", "prompt_variant": "primary", "slurp_id": 8848, "gold_intent": "calendar_set", "gold_sentence": "please tell me to take my umbrella because it will be very hot today", "transcription": "Please tell me to take my umbrella because it will be very hot today.", "asr_model": "mlx-community/whisper-large-v3-turbo", "wer": null, "predicted_intent_raw": "unknown", "predicted_intent": "unknown", "predicted_parameters": {}, "tsa": 0}
{"condition": "clean", "prompt_variant": "primary", "slurp_id": 4318, "gold_intent": "alarm_set", "gold_sentence": "wake me up at ten", "transcription": "Wake me up at 10.", "asr_model": "mlx-community/whisper-large-v3-turbo", "wer": null, "predicted_intent_raw": "alarm_set", "predicted_intent": "alarm_set", "predicted_parameters": {"time": "10:00"}, "tsa": 1}
{"condition": "clean", "prompt_variant": "primary", "slurp_id": 7112, "gold_intent": "calendar_query", "gold_sentence": "when is that meeting with my boss next week", "transcription": "That meeting with my boss next week.", "asr_model": "mlx-community/whisper-large-v3-turbo", "wer": null, "predicted_intent_raw": "calendar_query", "predicted_intent": "calendar_query", "predicted_parameters": {"date": "next week"}, "tsa": 1}
{"condition": "clean", "prompt_variant": "primary", "slurp_id": 8385, "gold_intent": "calendar_query", "gold_sentence": "is this week a payday week", "transcription": "Is this week a payday week?", "asr_model": "mlx-community/whisper-large-v3-turbo", "wer": null, "predicted_intent_raw": "calendar_query", "predicted_intent": "calendar_query", "predicted_parameters": {"date": "this week"}, "tsa": 1}
{"condition": "clean", "prompt_variant": "primary", "slurp_id": 8863, "gold_intent": "calendar_remove", "gold_sentence": "please delete all reminder of sunday", "transcription": "Please delete all reminder of Sunday.", "asr_model": "mlx-community/whisper-large-v3-turbo", "wer": null, "predicted_intent_raw": "alarm_remove", "predicted_intent": "alarm_remove", "predicted_parameters": {"date": "Sunday"}, "tsa": 0}
{"condition": "clean", "prompt_variant": "primary", "slurp_id": 8729, "gold_intent": "calendar_set", "gold_sentence": "set a weekly appointment reminder", "transcription": "Set a weekly appointment reminder.", "asr_model": "mlx-community/whisper-large-v3-turbo", "wer": null, "predicted_intent_raw": "calendar_set", "predicted_intent": "calendar_set", "predicted_parameters": {}, "tsa": 1}
{"condition": "clean", "prompt_variant": "primary", "slurp_id": 7104, "gold_intent": "calendar_set", "gold_sentence": "make a calendar entry for brunch on saturday morning with chris kimberly and aaronson", "transcription": "Make a calendar entry for brunch on Saturday morning with Chris, Kimberley and Aaron Sander.", "asr_model": "mlx-community/whisper-large-v3-turbo", "wer": null, "predicted_intent_raw": "calendar_set", "predicted_intent": "calendar_set", "predicted_parameters": {"event_name": "brunch", "date": "Saturday", "time": "morning", "person": "Chris, Kimberley and Aaron Sander"}, "tsa": 1}
{"condition": "clean", "prompt_variant": "primary", "slurp_id": 7065, "gold_intent": "calendar_query", "gold_sentence": "what events are in my calendar for today", "transcription": "What events are in my calendar for today?", "asr_model": "mlx-community/whisper-large-v3-turbo", "wer": null, "predicted_intent_raw": "calendar_query", "predicted_intent": "calendar_query", "predicted_parameters": {"date": "today"}, "tsa": 1}
{"condition": "clean", "prompt_variant": "primary", "slurp_id": 9013, "gold_intent": "calendar_set", "gold_sentence": "remind me on fifth april there is a meeting with boss", "transcription": "Remind me, on 5th April there is a meeting with boss.", "asr_model": "mlx-community/whisper-large-v3-turbo", "wer": null, "predicted_intent_raw": "calendar_set", "predicted_intent": "calendar_set", "predicted_parameters": {"date": "5th April", "event_name": "meeting with boss"}, "tsa": 1}
{"condition": "clean", "prompt_variant": "primary", "slurp_id": 3151, "gold_intent": "alarm_remove", "gold_sentence": "remove my early alarms", "transcription": "Remove my early alarms.", "asr_model": "mlx-community/whisper-large-v3-turbo", "wer": null, "predicted_intent_raw": "alarm_remove", "predicted_intent": "alarm_remove", "predicted_parameters": {}, "tsa": 1}
{"condition": "clean", "prompt_variant": "primary", "slurp_id": 601, "gold_intent": "alarm_set", "gold_sentence": "start alarm", "transcription": "Start alarm.", "asr_model": "mlx-community/whisper-large-v3-turbo", "wer": null, "predicted_intent_raw": "alarm_set", "predicted_intent": "alarm_set", "predicted_parameters": {}, "tsa": 1}
{"condition": "clean", "prompt_variant": "primary", "slurp_id": 7517, "gold_intent": "calendar_set", "gold_sentence": "schedule a meeting on tuesday", "transcription": "Schedule meeting on Tuesday.", "asr_model": "mlx-community/whisper-large-v3-turbo", "wer": null, "predicted_intent_raw": "calendar_set", "predicted_intent": "calendar_set", "predicted_parameters": {"date": "Tuesday"}, "tsa": 1}
{"condition": "clean", "prompt_variant": "primary", "slurp_id": 10886, "gold_intent": "lists_query", "gold_sentence": "can i check my lists", "transcription": "Can I check my lists?", "asr_model": "mlx-community/whisper-large-v3-turbo", "wer": null, "predicted_intent_raw": "lists_query", "predicted_intent": "lists_query", "predicted_parameters": {}, "tsa": 1}
{"condition": "clean", "prompt_variant": "primary", "slurp_id": 7007, "gold_intent": "calendar_set", "gold_sentence": "set an appointment for allen on tomorrow", "transcription": "Set an appointment for Alan tomorrow.", "asr_model": "mlx-community/whisper-large-v3-turbo", "wer": null, "predicted_intent_raw": "calendar_set", "predicted_intent": "calendar_set", "predicted_parameters": {"person": "Alan", "date": "tomorrow"}, "tsa": 1}
{"condition": "clean", "prompt_variant": "primary", "slurp_id": 8834, "gold_intent": "calendar_remove", "gold_sentence": "remove all my meetings for the rest of the week", "transcription": "I will remove all my meetings for the rest of the week.", "asr_model": "mlx-community/whisper-large-v3-turbo", "wer": null, "predicted_intent_raw": "calendar_remove", "predicted_intent": "calendar_remove", "predicted_parameters": {"date": "rest of the week"}, "tsa": 1}
{"condition": "clean", "prompt_variant": "primary", "slurp_id": 538, "gold_intent": "alarm_set", "gold_sentence": "set an alarm for one pm", "transcription": "Set an alarm for 1pm.", "asr_model": "mlx-community/whisper-large-v3-turbo", "wer": null, "predicted_intent_raw": "alarm_set", "predicted_intent": "alarm_set", "predicted_parameters": {"time": "1:00 PM"}, "tsa": 1}
{"condition": "clean", "prompt_variant": "primary", "slurp_id": 7351, "gold_intent": "calendar_set", "gold_sentence": "in the calendar put that we are having dinner with frank at eight pm on the ninth of august", "transcription": "In the calendar, put that we are having dinner with Frank at 8pm on the 9th of August.", "asr_model": "mlx-community/whisper-large-v3-turbo", "wer": null, "predicted_intent_raw": "calendar_set", "predicted_intent": "calendar_set", "predicted_parameters": {"event_name": "dinner with Frank", "time": "8:00 PM", "date": "9th of August"}, "tsa": 1}
{"condition": "clean", "prompt_variant": "primary", "slurp_id": 8046, "gold_intent": "calendar_query", "gold_sentence": "how many meetings do i have next week", "transcription": "How many meetings do I have next week?", "asr_model": "mlx-community/whisper-large-v3-turbo", "wer": null, "predicted_intent_raw": "calendar_query", "predicted_intent": "calendar_query", "predicted_parameters": {"date": "next week"}, "tsa": 1}
{"condition": "clean", "prompt_variant": "primary", "slurp_id": 6881, "gold_intent": "calendar_query", "gold_sentence": "when is the next appointment on my calendar", "transcription": "When is the next appointment on my calendar?", "asr_model": "mlx-community/whisper-large-v3-turbo", "wer": null, "predicted_intent_raw": "calendar_query", "predicted_intent": "calendar_query", "predicted_parameters": {}, "tsa": 1}
{"condition": "clean", "prompt_variant": "primary", "slurp_id": 11047, "gold_intent": "lists_remove", "gold_sentence": "remove last played song", "transcription": "Last blade, so...", "asr_model": "mlx-community/whisper-large-v3-turbo", "wer": null, "predicted_intent_raw": "unknown", "predicted_intent": "unknown", "predicted_parameters": {}, "tsa": 0}
{"condition": "clean", "prompt_variant": "primary", "slurp_id": 8859, "gold_intent": "calendar_query", "gold_sentence": "what is my schedule for june fourteenth two thousand and seventeen", "transcription": "What is my schedule for June 14, 2017?", "asr_model": "mlx-community/whisper-large-v3-turbo", "wer": null, "predicted_intent_raw": "calendar_query", "predicted_intent": "calendar_query", "predicted_parameters": {"date": "June 14, 2017"}, "tsa": 1}
{"condition": "clean", "prompt_variant": "primary", "slurp_id": 937, "gold_intent": "alarm_remove", "gold_sentence": "phones", "transcription": "Phones.", "asr_model": "mlx-community/whisper-large-v3-turbo", "wer": null, "predicted_intent_raw": "unknown", "predicted_intent": "unknown", "predicted_parameters": {}, "tsa": 0}
{"condition": "clean", "prompt_variant": "primary", "slurp_id": 8270, "gold_intent": "calendar_set", "gold_sentence": "notification of meeting on wednesday", "transcription": "notification of meeting on Wednesday", "asr_model": "mlx-community/whisper-large-v3-turbo", "wer": null, "predicted_intent_raw": "calendar_set", "predicted_intent": "calendar_set", "predicted_parameters": {"date": "Wednesday"}, "tsa": 1}
{"condition": "clean", "prompt_variant": "primary", "slurp_id": 10746, "gold_intent": "lists_remove", "gold_sentence": "remove that item from my list", "transcription": "Remove that item from my list.", "asr_model": "mlx-community/whisper-large-v3-turbo", "wer": null, "predicted_intent_raw": "lists_remove", "predicted_intent": "lists_remove", "predicted_parameters": {"item_name": "unknown"}, "tsa": 1}
{"condition": "clean", "prompt_variant": "primary", "slurp_id": 10450, "gold_intent": "lists_query", "gold_sentence": "what is on my shopping list today", "transcription": "What is on my shopping list today?", "asr_model": "mlx-community/whisper-large-v3-turbo", "wer": null, "predicted_intent_raw": "lists_query", "predicted_intent": "lists_query", "predicted_parameters": {"list_name": "shopping"}, "tsa": 1}
{"condition": "clean", "prompt_variant": "primary", "slurp_id": 8208, "gold_intent": "calendar_query", "gold_sentence": "what time is the evening meeting i have with john", "transcription": "What time is the evening meeting I have with John?", "asr_model": "mlx-community/whisper-large-v3-turbo", "wer": null, "predicted_intent_raw": "calendar_query", "predicted_intent": "calendar_query", "predicted_parameters": {"event_name": "evening meeting", "person": "John"}, "tsa": 1}
{"condition": "clean", "prompt_variant": "primary", "slurp_id": 11041, "gold_intent": "lists_createoradd", "gold_sentence": "remind me to order more soap", "transcription": "Remind me to order some soap.", "asr_model": "mlx-community/whisper-large-v3-turbo", "wer": null, "predicted_intent_raw": "alarm_set", "predicted_intent": "alarm_set", "predicted_parameters": {}, "tsa": 0}
{"condition": "clean", "prompt_variant": "primary", "slurp_id": 10532, "gold_intent": "lists_query", "gold_sentence": "what were the last five lists i made", "transcription": "What were the last five lists I made?", "asr_model": "mlx-community/whisper-large-v3-turbo", "wer": null, "predicted_intent_raw": "lists_query", "predicted_intent": "lists_query", "predicted_parameters": {}, "tsa": 1}
{"condition": "clean", "prompt_variant": "primary", "slurp_id": 9040, "gold_intent": "calendar_remove", "gold_sentence": "make blank on july three calendar", "transcription": "Make blank on July 3rd calendar.", "asr_model": "mlx-community/whisper-large-v3-turbo", "wer": null, "predicted_intent_raw": "calendar_remove", "predicted_intent": "calendar_remove", "predicted_parameters": {"date": "July 3rd"}, "tsa": 1}
{"condition": "clean", "prompt_variant": "primary", "slurp_id": 9144, "gold_intent": "calendar_set", "gold_sentence": "remind me that i have an appointment twelve o clock on saturday", "transcription": "Remind me that I have an appointment 12 o'clock on Saturday.", "asr_model": "mlx-community/whisper-large-v3-turbo", "wer": null, "predicted_intent_raw": "alarm_set", "predicted_intent": "alarm_set", "predicted_parameters": {"time": "Saturday at 12:00 PM", "event_name": "appointment"}, "tsa": 0}
{"condition": "clean", "prompt_variant": "primary", "slurp_id": 7747, "gold_intent": "calendar_remove", "gold_sentence": "remove all data from my calendar", "transcription": "Move all data from my calendar.", "asr_model": "mlx-community/whisper-large-v3-turbo", "wer": null, "predicted_intent_raw": "calendar_remove", "predicted_intent": "calendar_remove", "predicted_parameters": {}, "tsa": 1}
{"condition": "clean", "prompt_variant": "primary", "slurp_id": 7474, "gold_intent": "calendar_set", "gold_sentence": "remember to fix a meeting between me and the players tomorrow evening by seven", "transcription": "between me and the players tomorrow evening by 7pm.", "asr_model": "mlx-community/whisper-large-v3-turbo", "wer": null, "predicted_intent_raw": "calendar_set", "predicted_intent": "calendar_set", "predicted_parameters": {"time": "7:00 PM", "date": "tomorrow"}, "tsa": 1}
{"condition": "clean", "prompt_variant": "primary", "slurp_id": 6760, "gold_intent": "calendar_remove", "gold_sentence": "cancel my five pm daily call", "transcription": "Cancel my 5 p.m. daily call.", "asr_model": "mlx-community/whisper-large-v3-turbo", "wer": null, "predicted_intent_raw": "calendar_remove", "predicted_intent": "calendar_remove", "predicted_parameters": {"time": "5:00 PM", "event_name": "daily call"}, "tsa": 1}
{"condition": "clean", "prompt_variant": "primary", "slurp_id": 7846, "gold_intent": "calendar_query", "gold_sentence": "what reminders are coming up this week", "transcription": "What reminders are coming up for this week?", "asr_model": "mlx-community/whisper-large-v3-turbo", "wer": null, "predicted_intent_raw": "alarm_query", "predicted_intent": "alarm_query", "predicted_parameters": {"date": "this week"}, "tsa": 0}
{"condition": "clean", "prompt_variant": "primary", "slurp_id": 7653, "gold_intent": "calendar_set", "gold_sentence": "don't forget to remind me of my brother's birthday on april twenty", "transcription": "Don't forget to remind me of my brother's birthday on April 20th.", "asr_model": "mlx-community/whisper-large-v3-turbo", "wer": null, "predicted_intent_raw": "alarm_set", "predicted_intent": "alarm_set", "predicted_parameters": {"time": "April 20th", "person": "brother"}, "tsa": 0}
{"condition": "clean", "prompt_variant": "primary", "slurp_id": 7131, "gold_intent": "calendar_remove", "gold_sentence": "delete the wedding on the tenth from my calendar", "transcription": "Delete the wedding on the 10th from my calendar.", "asr_model": "mlx-community/whisper-large-v3-turbo", "wer": null, "predicted_intent_raw": "calendar_remove", "predicted_intent": "calendar_remove", "predicted_parameters": {"event_name": "wedding", "date": "10th"}, "tsa": 1}
{"condition": "clean", "prompt_variant": "primary", "slurp_id": 8047, "gold_intent": "calendar_set", "gold_sentence": "on february fourteenth make dinner reservations at the restaurant", "transcription": "14th May, dinner reservations at the restaurant.", "asr_model": "mlx-community/whisper-large-v3-turbo", "wer": null, "predicted_intent_raw": "calendar_set", "predicted_intent": "calendar_set", "predicted_parameters": {"date": "14th May", "event_name": "dinner reservations at the restaurant"}, "tsa": 1}
{"condition": "clean", "prompt_variant": "primary", "slurp_id": 8938, "gold_intent": "calendar_set", "gold_sentence": "john marriage anniversary", "transcription": "Parish anniversary", "asr_model": "mlx-community/whisper-large-v3-turbo", "wer": null, "predicted_intent_raw": "unknown", "predicted_intent": "unknown", "predicted_parameters": {}, "tsa": 0}
{"condition": "clean", "prompt_variant": "primary", "slurp_id": 7688, "gold_intent": "calendar_query", "gold_sentence": "do i have any reminders pending", "transcription": "Do I have any reminders pending?", "asr_model": "mlx-community/whisper-large-v3-turbo", "wer": null, "predicted_intent_raw": "alarm_query", "predicted_intent": "alarm_query", "predicted_parameters": {}, "tsa": 0}
{"condition": "clean", "prompt_variant": "primary", "slurp_id": 8668, "gold_intent": "calendar_query", "gold_sentence": "in the last year how many hours have i been in meetings", "transcription": "In the last year, how many hours have I been in meetings?", "asr_model": "mlx-community/whisper-large-v3-turbo", "wer": null, "predicted_intent_raw": "unknown", "predicted_intent": "unknown", "predicted_parameters": {}, "tsa": 0}
{"condition": "clean", "prompt_variant": "primary", "slurp_id": 4317, "gold_intent": "alarm_set", "gold_sentence": "set an alarm for ten o'clock tomorrow morning", "transcription": "Set on alarm for 10 o'clock tomorrow morning.", "asr_model": "mlx-community/whisper-large-v3-turbo", "wer": null, "predicted_intent_raw": "alarm_set", "predicted_intent": "alarm_set", "predicted_parameters": {"time": "10:00 AM tomorrow"}, "tsa": 1}
{"condition": "clean", "prompt_variant": "primary", "slurp_id": 9008, "gold_intent": "calendar_remove", "gold_sentence": "remove birthday event from my calendar", "transcription": "Remove what they went from my calendar.", "asr_model": "mlx-community/whisper-large-v3-turbo", "wer": null, "predicted_intent_raw": "calendar_remove", "predicted_intent": "calendar_remove", "predicted_parameters": {}, "tsa": 1}
{"condition": "clean", "prompt_variant": "primary", "slurp_id": 4198, "gold_intent": "alarm_remove", "gold_sentence": "remove the alarm set for four hundred am", "transcription": "Remove the alarm sets for 400 a.m.", "asr_model": "mlx-community/whisper-large-v3-turbo", "wer": null, "predicted_intent_raw": "alarm_remove", "predicted_intent": "alarm_remove", "predicted_parameters": {"time": "4:00 AM"}, "tsa": 1}
{"condition": "clean", "prompt_variant": "primary", "slurp_id": 10629, "gold_intent": "lists_remove", "gold_sentence": "please remove this item from the list", "transcription": "Please remove this item from the list.", "asr_model": "mlx-community/whisper-large-v3-turbo", "wer": null, "predicted_intent_raw": "lists_remove", "predicted_intent": "lists_remove", "predicted_parameters": {}, "tsa": 1}
{"condition": "clean", "prompt_variant": "primary", "slurp_id": 6823, "gold_intent": "calendar_set", "gold_sentence": "olly i want to go to the outdoor movie screening this weekend remind me", "transcription": "Oli, I want to go to the outdoor movie screen this weekend. Remind me.", "asr_model": "mlx-community/whisper-large-v3-turbo", "wer": null, "predicted_intent_raw": "alarm_set", "predicted_intent": "alarm_set", "predicted_parameters": {"time": "this weekend", "event_name": "outdoor movie screen"}, "tsa": 0}
{"condition": "clean", "prompt_variant": "primary", "slurp_id": 10797, "gold_intent": "lists_createoradd", "gold_sentence": "please add milk to the grocery list", "transcription": "Please add milk to the grocery list.", "asr_model": "mlx-community/whisper-large-v3-turbo", "wer": null, "predicted_intent_raw": "lists_createoradd", "predicted_intent": "lists_createoradd", "predicted_parameters": {"item_name": "milk", "list_name": "grocery"}, "tsa": 1}
{"condition": "clean", "prompt_variant": "primary", "slurp_id": 9049, "gold_intent": "alarm_set", "gold_sentence": "set an alarm for four pm tuesday", "transcription": "Set an alarm for 4 p.m. Tuesday", "asr_model": "mlx-community/whisper-large-v3-turbo", "wer": null, "predicted_intent_raw": "alarm_set", "predicted_intent": "alarm_set", "predicted_parameters": {"time": "4:00 PM Tuesday"}, "tsa": 1}
{"condition": "clean", "prompt_variant": "primary", "slurp_id": 10767, "gold_intent": "lists_query", "gold_sentence": "are eggs on my shopping list", "transcription": "Rx on my shopping list", "asr_model": "mlx-community/whisper-large-v3-turbo", "wer": null, "predicted_intent_raw": "lists_query", "predicted_intent": "lists_query", "predicted_parameters": {"list_name": "shopping"}, "tsa": 1}
{"condition": "clean", "prompt_variant": "primary", "slurp_id": 7357, "gold_intent": "calendar_query", "gold_sentence": "what are the list of events in my calendar in march", "transcription": "What are the list of events in my calendar in March?", "asr_model": "mlx-community/whisper-large-v3-turbo", "wer": null, "predicted_intent_raw": "calendar_query", "predicted_intent": "calendar_query", "predicted_parameters": {"date": "March"}, "tsa": 1}
{"condition": "clean", "prompt_variant": "primary", "slurp_id": 7064, "gold_intent": "calendar_remove", "gold_sentence": "please delete all of my calendar events for the rest of the day", "transcription": "Please delete all of my claim.da events for the rest of the day.", "asr_model": "mlx-community/whisper-large-v3-turbo", "wer": null, "predicted_intent_raw": "calendar_remove", "predicted_intent": "calendar_remove", "predicted_parameters": {"event_name": "claim.da", "date": "today"}, "tsa": 1}
{"condition": "clean", "prompt_variant": "primary", "slurp_id": 10962, "gold_intent": "lists_remove", "gold_sentence": "i don't want this list any more", "transcription": "I don't want this list anymore.", "asr_model": "mlx-community/whisper-large-v3-turbo", "wer": null, "predicted_intent_raw": "lists_remove", "predicted_intent": "lists_remove", "predicted_parameters": {}, "tsa": 1}
{"condition": "clean", "prompt_variant": "primary", "slurp_id": 10468, "gold_intent": "lists_createoradd", "gold_sentence": "can you create a new list", "transcription": "Can you create a new list?", "asr_model": "mlx-community/whisper-large-v3-turbo", "wer": null, "predicted_intent_raw": "lists_createoradd", "predicted_intent": "lists_createoradd", "predicted_parameters": {}, "tsa": 1}
{"condition": "clean", "prompt_variant": "primary", "slurp_id": 10557, "gold_intent": "lists_query", "gold_sentence": "please show my list", "transcription": "Please show my list.", "asr_model": "mlx-community/whisper-large-v3-turbo", "wer": null, "predicted_intent_raw": "lists_query", "predicted_intent": "lists_query", "predicted_parameters": {}, "tsa": 1}
{"condition": "clean", "prompt_variant": "primary", "slurp_id": 4850, "gold_intent": "alarm_set", "gold_sentence": "set an alarm for five minutes from now", "transcription": "Set an alarm for 5 minutes from now", "asr_model": "mlx-community/whisper-large-v3-turbo", "wer": null, "predicted_intent_raw": "alarm_set", "predicted_intent": "alarm_set", "predicted_parameters": {"time": "5 minutes from now"}, "tsa": 1}
{"condition": "clean", "prompt_variant": "primary", "slurp_id": 11076, "gold_intent": "lists_query", "gold_sentence": "what is that on the list", "transcription": "What is that on the list?", "asr_model": "mlx-community/whisper-large-v3-turbo", "wer": null, "predicted_intent_raw": "lists_query", "predicted_intent": "lists_query", "predicted_parameters": {}, "tsa": 1}
{"condition": "clean", "prompt_variant": "primary", "slurp_id": 10896, "gold_intent": "lists_remove", "gold_sentence": "remove item from my list", "transcription": "Reave item from my list", "asr_model": "mlx-community/whisper-large-v3-turbo", "wer": null, "predicted_intent_raw": "lists_remove", "predicted_intent": "lists_remove", "predicted_parameters": {"item_name": "Reave"}, "tsa": 1}
{"condition": "clean", "prompt_variant": "primary", "slurp_id": 5099, "gold_intent": "alarm_remove", "gold_sentence": "olly cancel alarms", "transcription": "Cancel alarm.", "asr_model": "mlx-community/whisper-large-v3-turbo", "wer": null, "predicted_intent_raw": "alarm_remove", "predicted_intent": "alarm_remove", "predicted_parameters": {}, "tsa": 1}
{"condition": "clean", "prompt_variant": "primary", "slurp_id": 8953, "gold_intent": "calendar_set", "gold_sentence": "let me know of the meeting on tuesday", "transcription": "Let me know of the meeting on Tuesday.", "asr_model": "mlx-community/whisper-large-v3-turbo", "wer": null, "predicted_intent_raw": "calendar_query", "predicted_intent": "calendar_query", "predicted_parameters": {"date": "Tuesday"}, "tsa": 0}
{"condition": "clean", "prompt_variant": "primary", "slurp_id": 4723, "gold_intent": "alarm_query", "gold_sentence": "list my different alarm", "transcription": "List my different alarm.", "asr_model": "mlx-community/whisper-large-v3-turbo", "wer": null, "predicted_intent_raw": "alarm_query", "predicted_intent": "alarm_query", "predicted_parameters": {}, "tsa": 1}
{"condition": "clean", "prompt_variant": "primary", "slurp_id": 8609, "gold_intent": "calendar_set", "gold_sentence": "cancel my meeting with lisa on tuesday and reschedule it for thursday", "transcription": "My meeting with Lisa on Tuesday and reschedule it for Thursday.", "asr_model": "mlx-community/whisper-large-v3-turbo", "wer": null, "predicted_intent_raw": "calendar_set", "predicted_intent": "calendar_set", "predicted_parameters": {"person": "Lisa", "date": "Thursday"}, "tsa": 1}
{"condition": "clean", "prompt_variant": "primary", "slurp_id": 232, "gold_intent": "alarm_set", "gold_sentence": "set an alarm at six in the morning", "transcription": "Set an alarm at 6 in the morning.", "asr_model": "mlx-community/whisper-large-v3-turbo", "wer": null, "predicted_intent_raw": "alarm_set", "predicted_intent": "alarm_set", "predicted_parameters": {"time": "6:00 AM"}, "tsa": 1}
{"condition": "clean", "prompt_variant": "primary", "slurp_id": 11065, "gold_intent": "lists_query", "gold_sentence": "hey olly what are my lists", "transcription": "Hey PDA, what are my lists?", "asr_model": "mlx-community/whisper-large-v3-turbo", "wer": null, "predicted_intent_raw": "lists_query", "predicted_intent": "lists_query", "predicted_parameters": {}, "tsa": 1}
{"condition": "clean", "prompt_variant": "primary", "slurp_id": 8594, "gold_intent": "calendar_set", "gold_sentence": "schedule an event in my calendar for the pool party at jack's place this saturday", "transcription": "Schedule event in my calendar for the pool party at Jack's place this Saturday.", "asr_model": "mlx-community/whisper-large-v3-turbo", "wer": null, "predicted_intent_raw": "calendar_set", "predicted_intent": "calendar_set", "predicted_parameters": {"event_name": "pool party", "person": "Jack", "date": "this Saturday"}, "tsa": 1}
{"condition": "clean", "prompt_variant": "primary", "slurp_id": 3956, "gold_intent": "alarm_set", "gold_sentence": "alert me in three hours", "transcription": "Let me in three hours", "asr_model": "mlx-community/whisper-large-v3-turbo", "wer": null, "predicted_intent_raw": "alarm_set", "predicted_intent": "alarm_set", "predicted_parameters": {"time": "3 hours from now"}, "tsa": 1}
{"condition": "clean", "prompt_variant": "primary", "slurp_id": 8063, "gold_intent": "calendar_query", "gold_sentence": "when is my next reminder", "transcription": "When is my next reminder?", "asr_model": "mlx-community/whisper-large-v3-turbo", "wer": null, "predicted_intent_raw": "alarm_query", "predicted_intent": "alarm_query", "predicted_parameters": {}, "tsa": 0}
{"condition": "clean", "prompt_variant": "primary", "slurp_id": 11045, "gold_intent": "lists_query", "gold_sentence": "open my list", "transcription": "Open my list.", "asr_model": "mlx-community/whisper-large-v3-turbo", "wer": null, "predicted_intent_raw": "lists_query", "predicted_intent": "lists_query", "predicted_parameters": {}, "tsa": 1}
{"condition": "clean", "prompt_variant": "minimal", "slurp_id": 7043, "gold_intent": "alarm_set", "gold_sentence": "set an alarm for two hours from now please", "transcription": "Set an alarm for two hours from now please.", "asr_model": "mlx-community/whisper-large-v3-turbo", "wer": null, "predicted_intent_raw": "alarm_set", "predicted_intent": "alarm_set", "predicted_parameters": {"time": "two hours from now"}, "tsa": 1}
{"condition": "clean", "prompt_variant": "minimal", "slurp_id": 9136, "gold_intent": "calendar_query", "gold_sentence": "any meeting on friday", "transcription": "Any meeting on?", "asr_model": "mlx-community/whisper-large-v3-turbo", "wer": null, "predicted_intent_raw": "calendar_query", "predicted_intent": "calendar_query", "predicted_parameters": {}, "tsa": 1}
{"condition": "clean", "prompt_variant": "minimal", "slurp_id": 8272, "gold_intent": "calendar_set", "gold_sentence": "add my upcoming meeting to my calendar", "transcription": "Add my upcoming meeting to my calendar", "asr_model": "mlx-community/whisper-large-v3-turbo", "wer": null, "predicted_intent_raw": "calendar_set", "predicted_intent": "calendar_set", "predicted_parameters": {}, "tsa": 1}
{"condition": "clean", "prompt_variant": "minimal", "slurp_id": 10973, "gold_intent": "lists_createoradd", "gold_sentence": "create a new list for school supplies", "transcription": "Create a new list for school supplies.", "asr_model": "mlx-community/whisper-large-v3-turbo", "wer": null, "predicted_intent_raw": "lists_createoradd", "predicted_intent": "lists_createoradd", "predicted_parameters": {"name": "school supplies"}, "tsa": 1}
{"condition": "clean", "prompt_variant": "minimal", "slurp_id": 4853, "gold_intent": "alarm_set", "gold_sentence": "please set my alarm", "transcription": "Please set my alarm.", "asr_model": "mlx-community/whisper-large-v3-turbo", "wer": null, "predicted_intent_raw": "alarm_set", "predicted_intent": "alarm_set", "predicted_parameters": {}, "tsa": 1}
{"condition": "clean", "prompt_variant": "minimal", "slurp_id": 10754, "gold_intent": "lists_query", "gold_sentence": "read back what i put on my to do list for this week", "transcription": "PDA, read back what I put on my to-do list for this week.", "asr_model": "mlx-community/whisper-large-v3-turbo", "wer": null, "predicted_intent_raw": "lists_query", "predicted_intent": "lists_query", "predicted_parameters": {}, "tsa": 1}
{"condition": "clean", "prompt_variant": "minimal", "slurp_id": 6751, "gold_intent": "calendar_query", "gold_sentence": "when is my next meeting", "transcription": "My next meeting.", "asr_model": "mlx-community/whisper-large-v3-turbo", "wer": null, "predicted_intent_raw": "calendar_query", "predicted_intent": "calendar_query", "predicted_parameters": {}, "tsa": 1}
{"condition": "clean", "prompt_variant": "minimal", "slurp_id": 10806, "gold_intent": "lists_query", "gold_sentence": "will you please show me my lists", "transcription": "Will you please show me my lists?", "asr_model": "mlx-community/whisper-large-v3-turbo", "wer": null, "predicted_intent_raw": "lists_query", "predicted_intent": "lists_query", "predicted_parameters": {}, "tsa": 1}
{"condition": "clean", "prompt_variant": "minimal", "slurp_id": 6827, "gold_intent": "calendar_query", "gold_sentence": "have you added a meeting with tom tomorrow at nine pm", "transcription": "We added a meeting with Tom tomorrow at 9 p.m.", "asr_model": "mlx-community/whisper-large-v3-turbo", "wer": null, "predicted_intent_raw": "calendar_set", "predicted_intent": "calendar_set", "predicted_parameters": {}, "tsa": 0}
{"condition": "clean", "prompt_variant": "minimal", "slurp_id": 8873, "gold_intent": "calendar_set", "gold_sentence": "remember dinner on thursday at bistro italia", "transcription": "Remember dinner on Thursday at Bistro Italia.", "asr_model": "mlx-community/whisper-large-v3-turbo", "wer": null, "predicted_intent_raw": "calendar_set", "predicted_intent": "calendar_set", "predicted_parameters": {"event": "dinner", "day": "Thursday", "location": "Bistro Italia"}, "tsa": 1}
{"condition": "clean", "prompt_variant": "minimal", "slurp_id": 11160, "gold_intent": "lists_remove", "gold_sentence": "i don't want eggs", "transcription": "I don't want the ex.", "asr_model": "mlx-community/whisper-large-v3-turbo", "wer": null, "predicted_intent_raw": "unknown", "predicted_intent": "unknown", "predicted_parameters": {}, "tsa": 0}
{"condition": "clean", "prompt_variant": "minimal", "slurp_id": 7753, "gold_intent": "calendar_query", "gold_sentence": "what do i have to do on monday", "transcription": "I have to do a moment.", "asr_model": "mlx-community/whisper-large-v3-turbo", "wer": null, "predicted_intent_raw": "unknown", "predicted_intent": "unknown", "predicted_parameters": {}, "tsa": 0}
{"condition": "clean", "prompt_variant": "minimal", "slurp_id": 10666, "gold_intent": "lists_query", "gold_sentence": "read the list", "transcription": "Wait to last", "asr_model": "mlx-community/whisper-large-v3-turbo", "wer": null, "predicted_intent_raw": "unknown", "predicted_intent": "unknown", "predicted_parameters": {}, "tsa": 0}
{"condition": "clean", "prompt_variant": "minimal", "slurp_id": 10741, "gold_intent": "lists_createoradd", "gold_sentence": "add something to my list", "transcription": "as something to my list", "asr_model": "mlx-community/whisper-large-v3-turbo", "wer": null, "predicted_intent_raw": "lists_query", "predicted_intent": "lists_query", "predicted_parameters": {}, "tsa": 0}
{"condition": "clean", "prompt_variant": "minimal", "slurp_id": 8146, "gold_intent": "calendar_remove", "gold_sentence": "cancel my meeting on the fourteenth", "transcription": "Cancel my meeting on the 14th.", "asr_model": "mlx-community/whisper-large-v3-turbo", "wer": null, "predicted_intent_raw": "calendar_remove", "predicted_intent": "calendar_remove", "predicted_parameters": {"date": "14th"}, "tsa": 1}
{"condition": "clean", "prompt_variant": "minimal", "slurp_id": 8802, "gold_intent": "calendar_set", "gold_sentence": "please remind me of", "transcription": "Please remind me of...", "asr_model": "mlx-community/whisper-large-v3-turbo", "wer": null, "predicted_intent_raw": "alarm_set", "predicted_intent": "alarm_set", "predicted_parameters": {}, "tsa": 0}
{"condition": "clean", "prompt_variant": "minimal", "slurp_id": 10901, "gold_intent": "lists_createoradd", "gold_sentence": "create a new list of", "transcription": "Great new list of...", "asr_model": "mlx-community/whisper-large-v3-turbo", "wer": null, "predicted_intent_raw": "unknown", "predicted_intent": "unknown", "predicted_parameters": {}, "tsa": 0}
{"condition": "clean", "prompt_variant": "minimal", "slurp_id": 7852, "gold_intent": "calendar_set", "gold_sentence": "add event baseball practice five pm tonight", "transcription": "At event, baseball practice 5 p.m. tonight.", "asr_model": "mlx-community/whisper-large-v3-turbo", "wer": null, "predicted_intent_raw": "calendar_set", "predicted_intent": "calendar_set", "predicted_parameters": {"event": "baseball practice", "time": "5 p.m. tonight"}, "tsa": 1}
{"condition": "clean", "prompt_variant": "minimal", "slurp_id": 10883, "gold_intent": "lists_remove", "gold_sentence": "please tell me how can i remove the item", "transcription": "Please tell me how can you remove the item?", "asr_model": "mlx-community/whisper-large-v3-turbo", "wer": null, "predicted_intent_raw": "unknown", "predicted_intent": "unknown", "predicted_parameters": {}, "tsa": 0}
{"condition": "clean", "prompt_variant": "minimal", "slurp_id": 7174, "gold_intent": "calendar_remove", "gold_sentence": "cancel", "transcription": "Cancel.", "asr_model": "mlx-community/whisper-large-v3-turbo", "wer": null, "predicted_intent_raw": "unknown", "predicted_intent": "unknown", "predicted_parameters": {}, "tsa": 0}
{"condition": "clean", "prompt_variant": "minimal", "slurp_id": 10521, "gold_intent": "lists_remove", "gold_sentence": "erase my old english songs list", "transcription": "Erase my old English songs list.", "asr_model": "mlx-community/whisper-large-v3-turbo", "wer": null, "predicted_intent_raw": "lists_remove", "predicted_intent": "lists_remove", "predicted_parameters": {"list_name": "old English songs list"}, "tsa": 1}
{"condition": "clean", "prompt_variant": "minimal", "slurp_id": 7631, "gold_intent": "calendar_set", "gold_sentence": "set twelve noon prayer for every friday", "transcription": "Set 12 noon prayer for every Friday.", "asr_model": "mlx-community/whisper-large-v3-turbo", "wer": null, "predicted_intent_raw": "alarm_set", "predicted_intent": "alarm_set", "predicted_parameters": {"time": "12:00", "day": "Friday", "recurring": true, "label": "prayer"}, "tsa": 0}
{"condition": "clean", "prompt_variant": "minimal", "slurp_id": 10648, "gold_intent": "lists_createoradd", "gold_sentence": "add grocery to list", "transcription": "Add grocery to list", "asr_model": "mlx-community/whisper-large-v3-turbo", "wer": null, "predicted_intent_raw": "lists_createoradd", "predicted_intent": "lists_createoradd", "predicted_parameters": {"item": "grocery"}, "tsa": 1}
{"condition": "clean", "prompt_variant": "minimal", "slurp_id": 2720, "gold_intent": "alarm_set", "gold_sentence": "set an alarm for five thirty", "transcription": "Set an alarm for 5.30.", "asr_model": "mlx-community/whisper-large-v3-turbo", "wer": null, "predicted_intent_raw": "alarm_set", "predicted_intent": "alarm_set", "predicted_parameters": {"time": "5.30"}, "tsa": 1}
{"condition": "clean", "prompt_variant": "minimal", "slurp_id": 7445, "gold_intent": "calendar_set", "gold_sentence": "please create an event with only these people", "transcription": "This creates an event with only these people.", "asr_model": "mlx-community/whisper-large-v3-turbo", "wer": null, "predicted_intent_raw": "calendar_set", "predicted_intent": "calendar_set", "predicted_parameters": {}, "tsa": 1}
{"condition": "clean", "prompt_variant": "minimal", "slurp_id": 3463, "gold_intent": "alarm_set", "gold_sentence": "i would like a wake up alarm at seven am tomorrow", "transcription": "I would like to wake up alarm at 7 a.m. tomorrow.", "asr_model": "mlx-community/whisper-large-v3-turbo", "wer": null, "predicted_intent_raw": "alarm_set", "predicted_intent": "alarm_set", "predicted_parameters": {"time": "7 a.m.", "date": "tomorrow"}, "tsa": 1}
{"condition": "clean", "prompt_variant": "minimal", "slurp_id": 8258, "gold_intent": "calendar_query", "gold_sentence": "more about the concert in st pete", "transcription": "More about the concert in St. Pete.", "asr_model": "mlx-community/whisper-large-v3-turbo", "wer": null, "predicted_intent_raw": "calendar_query", "predicted_intent": "calendar_query", "predicted_parameters": {"query": "concert in St. Pete"}, "tsa": 1}
{"condition": "clean", "prompt_variant": "minimal", "slurp_id": 8655, "gold_intent": "calendar_set", "gold_sentence": "add an event starting at three pm in goshen new york on may fifth for dan's graduation", "transcription": "At an event starting at 3 p.m. in Boston, New York on May 5th for dance graduation.", "asr_model": "mlx-community/whisper-large-v3-turbo", "wer": null, "predicted_intent_raw": "calendar_set", "predicted_intent": "calendar_set", "predicted_parameters": {"event": "dance graduation", "start_time": "3 p.m.", "location": "Boston, New York", "date": "May 5th"}, "tsa": 1}
{"condition": "clean", "prompt_variant": "minimal", "slurp_id": 8152, "gold_intent": "calendar_query", "gold_sentence": "give me information about the concert on tuesday night", "transcription": "Give me information about the concert on Tuesday night.", "asr_model": "mlx-community/whisper-large-v3-turbo", "wer": null, "predicted_intent_raw": "calendar_query", "predicted_intent": "calendar_query", "predicted_parameters": {}, "tsa": 1}
{"condition": "clean", "prompt_variant": "minimal", "slurp_id": 10728, "gold_intent": "lists_query", "gold_sentence": "display available lists", "transcription": "Display available lists", "asr_model": "mlx-community/whisper-large-v3-turbo", "wer": null, "predicted_intent_raw": "lists_query", "predicted_intent": "lists_query", "predicted_parameters": {}, "tsa": 1}
{"condition": "clean", "prompt_variant": "minimal", "slurp_id": 10925, "gold_intent": "lists_createoradd", "gold_sentence": "create a new list of my pending bills", "transcription": "I made a new list for my pending bills.", "asr_model": "mlx-community/whisper-large-v3-turbo", "wer": null, "predicted_intent_raw": "lists_createoradd", "predicted_intent": "lists_createoradd", "predicted_parameters": {}, "tsa": 1}
{"condition": "clean", "prompt_variant": "minimal", "slurp_id": 7101, "gold_intent": "calendar_set", "gold_sentence": "let me know the morning of my doctor appointment on the twelfth", "transcription": "Let me know the morning of my daughter appointment on the 12th.", "asr_model": "mlx-community/whisper-large-v3-turbo", "wer": null, "predicted_intent_raw": "calendar_query", "predicted_intent": "calendar_query", "predicted_parameters": {}, "tsa": 0}
{"condition": "clean", "prompt_variant": "minimal", "slurp_id": 11022, "gold_intent": "lists_remove", "gold_sentence": "we're out of paint so take bathroom painting off the list", "transcription": "We're out of paint so take bathroom painting off the list.", "asr_model": "mlx-community/whisper-large-v3-turbo", "wer": null, "predicted_intent_raw": "lists_remove", "predicted_intent": "lists_remove", "predicted_parameters": {"item": "bathroom painting"}, "tsa": 1}
{"condition": "clean", "prompt_variant": "minimal", "slurp_id": 7309, "gold_intent": "calendar_query", "gold_sentence": "what is my first appointment today", "transcription": "What is my first appointment today?", "asr_model": "mlx-community/whisper-large-v3-turbo", "wer": null, "predicted_intent_raw": "calendar_query", "predicted_intent": "calendar_query", "predicted_parameters": {}, "tsa": 1}
{"condition": "clean", "prompt_variant": "minimal", "slurp_id": 8848, "gold_intent": "calendar_set", "gold_sentence": "please tell me to take my umbrella because it will be very hot today", "transcription": "Please tell me to take my umbrella because it will be very hot today.", "asr_model": "mlx-community/whisper-large-v3-turbo", "wer": null, "predicted_intent_raw": "unknown", "predicted_intent": "unknown", "predicted_parameters": {}, "tsa": 0}
{"condition": "clean", "prompt_variant": "minimal", "slurp_id": 4318, "gold_intent": "alarm_set", "gold_sentence": "wake me up at ten", "transcription": "Wake me up at 10.", "asr_model": "mlx-community/whisper-large-v3-turbo", "wer": null, "predicted_intent_raw": "alarm_set", "predicted_intent": "alarm_set", "predicted_parameters": {"time": "10"}, "tsa": 1}
{"condition": "clean", "prompt_variant": "minimal", "slurp_id": 7112, "gold_intent": "calendar_query", "gold_sentence": "when is that meeting with my boss next week", "transcription": "That meeting with my boss next week.", "asr_model": "mlx-community/whisper-large-v3-turbo", "wer": null, "predicted_intent_raw": "calendar_query", "predicted_intent": "calendar_query", "predicted_parameters": {}, "tsa": 1}
{"condition": "clean", "prompt_variant": "minimal", "slurp_id": 8385, "gold_intent": "calendar_query", "gold_sentence": "is this week a payday week", "transcription": "Is this week a payday week?", "asr_model": "mlx-community/whisper-large-v3-turbo", "wer": null, "predicted_intent_raw": "unknown", "predicted_intent": "unknown", "predicted_parameters": {}, "tsa": 0}
{"condition": "clean", "prompt_variant": "minimal", "slurp_id": 8863, "gold_intent": "calendar_remove", "gold_sentence": "please delete all reminder of sunday", "transcription": "Please delete all reminder of Sunday.", "asr_model": "mlx-community/whisper-large-v3-turbo", "wer": null, "predicted_intent_raw": "alarm_remove", "predicted_intent": "alarm_remove", "predicted_parameters": {"day": "Sunday"}, "tsa": 0}
{"condition": "clean", "prompt_variant": "minimal", "slurp_id": 8729, "gold_intent": "calendar_set", "gold_sentence": "set a weekly appointment reminder", "transcription": "Set a weekly appointment reminder.", "asr_model": "mlx-community/whisper-large-v3-turbo", "wer": null, "predicted_intent_raw": "alarm_set", "predicted_intent": "alarm_set", "predicted_parameters": {}, "tsa": 0}
{"condition": "clean", "prompt_variant": "minimal", "slurp_id": 7104, "gold_intent": "calendar_set", "gold_sentence": "make a calendar entry for brunch on saturday morning with chris kimberly and aaronson", "transcription": "Make a calendar entry for brunch on Saturday morning with Chris, Kimberley and Aaron Sander.", "asr_model": "mlx-community/whisper-large-v3-turbo", "wer": null, "predicted_intent_raw": "calendar_set", "predicted_intent": "calendar_set", "predicted_parameters": {"event": "brunch", "day": "Saturday", "time": "morning", "attendees": ["Chris", "Kimberley", "Aaron Sander"]}, "tsa": 1}
{"condition": "clean", "prompt_variant": "minimal", "slurp_id": 7065, "gold_intent": "calendar_query", "gold_sentence": "what events are in my calendar for today", "transcription": "What events are in my calendar for today?", "asr_model": "mlx-community/whisper-large-v3-turbo", "wer": null, "predicted_intent_raw": "calendar_query", "predicted_intent": "calendar_query", "predicted_parameters": {}, "tsa": 1}
{"condition": "clean", "prompt_variant": "minimal", "slurp_id": 9013, "gold_intent": "calendar_set", "gold_sentence": "remind me on fifth april there is a meeting with boss", "transcription": "Remind me, on 5th April there is a meeting with boss.", "asr_model": "mlx-community/whisper-large-v3-turbo", "wer": null, "predicted_intent_raw": "alarm_set", "predicted_intent": "alarm_set", "predicted_parameters": {"date": "5th April", "description": "meeting with boss"}, "tsa": 0}
{"condition": "clean", "prompt_variant": "minimal", "slurp_id": 3151, "gold_intent": "alarm_remove", "gold_sentence": "remove my early alarms", "transcription": "Remove my early alarms.", "asr_model": "mlx-community/whisper-large-v3-turbo", "wer": null, "predicted_intent_raw": "alarm_remove", "predicted_intent": "alarm_remove", "predicted_parameters": {}, "tsa": 1}
{"condition": "clean", "prompt_variant": "minimal", "slurp_id": 601, "gold_intent": "alarm_set", "gold_sentence": "start alarm", "transcription": "Start alarm.", "asr_model": "mlx-community/whisper-large-v3-turbo", "wer": null, "predicted_intent_raw": "alarm_set", "predicted_intent": "alarm_set", "predicted_parameters": {}, "tsa": 1}
{"condition": "clean", "prompt_variant": "minimal", "slurp_id": 7517, "gold_intent": "calendar_set", "gold_sentence": "schedule a meeting on tuesday", "transcription": "Schedule meeting on Tuesday.", "asr_model": "mlx-community/whisper-large-v3-turbo", "wer": null, "predicted_intent_raw": "calendar_set", "predicted_intent": "calendar_set", "predicted_parameters": {}, "tsa": 1}
{"condition": "clean", "prompt_variant": "minimal", "slurp_id": 10886, "gold_intent": "lists_query", "gold_sentence": "can i check my lists", "transcription": "Can I check my lists?", "asr_model": "mlx-community/whisper-large-v3-turbo", "wer": null, "predicted_intent_raw": "lists_query", "predicted_intent": "lists_query", "predicted_parameters": {}, "tsa": 1}
{"condition": "clean", "prompt_variant": "minimal", "slurp_id": 7007, "gold_intent": "calendar_set", "gold_sentence": "set an appointment for allen on tomorrow", "transcription": "Set an appointment for Alan tomorrow.", "asr_model": "mlx-community/whisper-large-v3-turbo", "wer": null, "predicted_intent_raw": "calendar_set", "predicted_intent": "calendar_set", "predicted_parameters": {"name": "Alan", "date": "tomorrow"}, "tsa": 1}
{"condition": "clean", "prompt_variant": "minimal", "slurp_id": 8834, "gold_intent": "calendar_remove", "gold_sentence": "remove all my meetings for the rest of the week", "transcription": "I will remove all my meetings for the rest of the week.", "asr_model": "mlx-community/whisper-large-v3-turbo", "wer": null, "predicted_intent_raw": "calendar_remove", "predicted_intent": "calendar_remove", "predicted_parameters": {}, "tsa": 1}
{"condition": "clean", "prompt_variant": "minimal", "slurp_id": 538, "gold_intent": "alarm_set", "gold_sentence": "set an alarm for one pm", "transcription": "Set an alarm for 1pm.", "asr_model": "mlx-community/whisper-large-v3-turbo", "wer": null, "predicted_intent_raw": "alarm_set", "predicted_intent": "alarm_set", "predicted_parameters": {"time": "1pm"}, "tsa": 1}
{"condition": "clean", "prompt_variant": "minimal", "slurp_id": 7351, "gold_intent": "calendar_set", "gold_sentence": "in the calendar put that we are having dinner with frank at eight pm on the ninth of august", "transcription": "In the calendar, put that we are having dinner with Frank at 8pm on the 9th of August.", "asr_model": "mlx-community/whisper-large-v3-turbo", "wer": null, "predicted_intent_raw": "calendar_set", "predicted_intent": "calendar_set", "predicted_parameters": {"event": "dinner with Frank", "time": "8pm", "date": "9th of August"}, "tsa": 1}
{"condition": "clean", "prompt_variant": "minimal", "slurp_id": 8046, "gold_intent": "calendar_query", "gold_sentence": "how many meetings do i have next week", "transcription": "How many meetings do I have next week?", "asr_model": "mlx-community/whisper-large-v3-turbo", "wer": null, "predicted_intent_raw": "calendar_query", "predicted_intent": "calendar_query", "predicted_parameters": {}, "tsa": 1}
{"condition": "clean", "prompt_variant": "minimal", "slurp_id": 6881, "gold_intent": "calendar_query", "gold_sentence": "when is the next appointment on my calendar", "transcription": "When is the next appointment on my calendar?", "asr_model": "mlx-community/whisper-large-v3-turbo", "wer": null, "predicted_intent_raw": "calendar_query", "predicted_intent": "calendar_query", "predicted_parameters": {}, "tsa": 1}
{"condition": "clean", "prompt_variant": "minimal", "slurp_id": 11047, "gold_intent": "lists_remove", "gold_sentence": "remove last played song", "transcription": "Last blade, so...", "asr_model": "mlx-community/whisper-large-v3-turbo", "wer": null, "predicted_intent_raw": "unknown", "predicted_intent": "unknown", "predicted_parameters": {}, "tsa": 0}
{"condition": "clean", "prompt_variant": "minimal", "slurp_id": 8859, "gold_intent": "calendar_query", "gold_sentence": "what is my schedule for june fourteenth two thousand and seventeen", "transcription": "What is my schedule for June 14, 2017?", "asr_model": "mlx-community/whisper-large-v3-turbo", "wer": null, "predicted_intent_raw": "calendar_query", "predicted_intent": "calendar_query", "predicted_parameters": {"date": "2017-06-14"}, "tsa": 1}
{"condition": "clean", "prompt_variant": "minimal", "slurp_id": 937, "gold_intent": "alarm_remove", "gold_sentence": "phones", "transcription": "Phones.", "asr_model": "mlx-community/whisper-large-v3-turbo", "wer": null, "predicted_intent_raw": "unknown", "predicted_intent": "unknown", "predicted_parameters": {}, "tsa": 0}
{"condition": "clean", "prompt_variant": "minimal", "slurp_id": 8270, "gold_intent": "calendar_set", "gold_sentence": "notification of meeting on wednesday", "transcription": "notification of meeting on Wednesday", "asr_model": "mlx-community/whisper-large-v3-turbo", "wer": null, "predicted_intent_raw": "alarm_query", "predicted_intent": "alarm_query", "predicted_parameters": {}, "tsa": 0}
{"condition": "clean", "prompt_variant": "minimal", "slurp_id": 10746, "gold_intent": "lists_remove", "gold_sentence": "remove that item from my list", "transcription": "Remove that item from my list.", "asr_model": "mlx-community/whisper-large-v3-turbo", "wer": null, "predicted_intent_raw": "lists_remove", "predicted_intent": "lists_remove", "predicted_parameters": {}, "tsa": 1}
{"condition": "clean", "prompt_variant": "minimal", "slurp_id": 10450, "gold_intent": "lists_query", "gold_sentence": "what is on my shopping list today", "transcription": "What is on my shopping list today?", "asr_model": "mlx-community/whisper-large-v3-turbo", "wer": null, "predicted_intent_raw": "lists_query", "predicted_intent": "lists_query", "predicted_parameters": {}, "tsa": 1}
{"condition": "clean", "prompt_variant": "minimal", "slurp_id": 8208, "gold_intent": "calendar_query", "gold_sentence": "what time is the evening meeting i have with john", "transcription": "What time is the evening meeting I have with John?", "asr_model": "mlx-community/whisper-large-v3-turbo", "wer": null, "predicted_intent_raw": "calendar_query", "predicted_intent": "calendar_query", "predicted_parameters": {}, "tsa": 1}
{"condition": "clean", "prompt_variant": "minimal", "slurp_id": 11041, "gold_intent": "lists_createoradd", "gold_sentence": "remind me to order more soap", "transcription": "Remind me to order some soap.", "asr_model": "mlx-community/whisper-large-v3-turbo", "wer": null, "predicted_intent_raw": "alarm_set", "predicted_intent": "alarm_set", "predicted_parameters": {"message": "order some soap"}, "tsa": 0}
{"condition": "clean", "prompt_variant": "minimal", "slurp_id": 10532, "gold_intent": "lists_query", "gold_sentence": "what were the last five lists i made", "transcription": "What were the last five lists I made?", "asr_model": "mlx-community/whisper-large-v3-turbo", "wer": null, "predicted_intent_raw": "lists_query", "predicted_intent": "lists_query", "predicted_parameters": {}, "tsa": 1}
{"condition": "clean", "prompt_variant": "minimal", "slurp_id": 9040, "gold_intent": "calendar_remove", "gold_sentence": "make blank on july three calendar", "transcription": "Make blank on July 3rd calendar.", "asr_model": "mlx-community/whisper-large-v3-turbo", "wer": null, "predicted_intent_raw": "calendar_set", "predicted_intent": "calendar_set", "predicted_parameters": {"date": "July 3rd", "action": "blank"}, "tsa": 0}
{"condition": "clean", "prompt_variant": "minimal", "slurp_id": 9144, "gold_intent": "calendar_set", "gold_sentence": "remind me that i have an appointment twelve o clock on saturday", "transcription": "Remind me that I have an appointment 12 o'clock on Saturday.", "asr_model": "mlx-community/whisper-large-v3-turbo", "wer": null, "predicted_intent_raw": "alarm_set", "predicted_intent": "alarm_set", "predicted_parameters": {"message": "I have an appointment", "time": "12 o'clock", "day": "Saturday"}, "tsa": 0}
{"condition": "clean", "prompt_variant": "minimal", "slurp_id": 7747, "gold_intent": "calendar_remove", "gold_sentence": "remove all data from my calendar", "transcription": "Move all data from my calendar.", "asr_model": "mlx-community/whisper-large-v3-turbo", "wer": null, "predicted_intent_raw": "calendar_remove", "predicted_intent": "calendar_remove", "predicted_parameters": {}, "tsa": 1}
{"condition": "clean", "prompt_variant": "minimal", "slurp_id": 7474, "gold_intent": "calendar_set", "gold_sentence": "remember to fix a meeting between me and the players tomorrow evening by seven", "transcription": "between me and the players tomorrow evening by 7pm.", "asr_model": "mlx-community/whisper-large-v3-turbo", "wer": null, "predicted_intent_raw": "unknown", "predicted_intent": "unknown", "predicted_parameters": {}, "tsa": 0}
{"condition": "clean", "prompt_variant": "minimal", "slurp_id": 6760, "gold_intent": "calendar_remove", "gold_sentence": "cancel my five pm daily call", "transcription": "Cancel my 5 p.m. daily call.", "asr_model": "mlx-community/whisper-large-v3-turbo", "wer": null, "predicted_intent_raw": "calendar_remove", "predicted_intent": "calendar_remove", "predicted_parameters": {"time": "5 p.m.", "frequency": "daily", "event": "call"}, "tsa": 1}
{"condition": "clean", "prompt_variant": "minimal", "slurp_id": 7846, "gold_intent": "calendar_query", "gold_sentence": "what reminders are coming up this week", "transcription": "What reminders are coming up for this week?", "asr_model": "mlx-community/whisper-large-v3-turbo", "wer": null, "predicted_intent_raw": "alarm_query", "predicted_intent": "alarm_query", "predicted_parameters": {}, "tsa": 0}
{"condition": "clean", "prompt_variant": "minimal", "slurp_id": 7653, "gold_intent": "calendar_set", "gold_sentence": "don't forget to remind me of my brother's birthday on april twenty", "transcription": "Don't forget to remind me of my brother's birthday on April 20th.", "asr_model": "mlx-community/whisper-large-v3-turbo", "wer": null, "predicted_intent_raw": "alarm_set", "predicted_intent": "alarm_set", "predicted_parameters": {"message": "brother's birthday", "date": "April 20th"}, "tsa": 0}
{"condition": "clean", "prompt_variant": "minimal", "slurp_id": 7131, "gold_intent": "calendar_remove", "gold_sentence": "delete the wedding on the tenth from my calendar", "transcription": "Delete the wedding on the 10th from my calendar.", "asr_model": "mlx-community/whisper-large-v3-turbo", "wer": null, "predicted_intent_raw": "calendar_remove", "predicted_intent": "calendar_remove", "predicted_parameters": {"event": "wedding", "date": "10th"}, "tsa": 1}
{"condition": "clean", "prompt_variant": "minimal", "slurp_id": 8047, "gold_intent": "calendar_set", "gold_sentence": "on february fourteenth make dinner reservations at the restaurant", "transcription": "14th May, dinner reservations at the restaurant.", "asr_model": "mlx-community/whisper-large-v3-turbo", "wer": null, "predicted_intent_raw": "calendar_set", "predicted_intent": "calendar_set", "predicted_parameters": {"date": "14th May", "event": "dinner reservations at the restaurant"}, "tsa": 1}
{"condition": "clean", "prompt_variant": "minimal", "slurp_id": 8938, "gold_intent": "calendar_set", "gold_sentence": "john marriage anniversary", "transcription": "Parish anniversary", "asr_model": "mlx-community/whisper-large-v3-turbo", "wer": null, "predicted_intent_raw": "unknown", "predicted_intent": "unknown", "predicted_parameters": {}, "tsa": 0}
{"condition": "clean", "prompt_variant": "minimal", "slurp_id": 7688, "gold_intent": "calendar_query", "gold_sentence": "do i have any reminders pending", "transcription": "Do I have any reminders pending?", "asr_model": "mlx-community/whisper-large-v3-turbo", "wer": null, "predicted_intent_raw": "alarm_query", "predicted_intent": "alarm_query", "predicted_parameters": {}, "tsa": 0}
{"condition": "clean", "prompt_variant": "minimal", "slurp_id": 8668, "gold_intent": "calendar_query", "gold_sentence": "in the last year how many hours have i been in meetings", "transcription": "In the last year, how many hours have I been in meetings?", "asr_model": "mlx-community/whisper-large-v3-turbo", "wer": null, "predicted_intent_raw": "calendar_query", "predicted_intent": "calendar_query", "predicted_parameters": {"time_range": "last year", "metric": "meeting hours"}, "tsa": 1}
{"condition": "clean", "prompt_variant": "minimal", "slurp_id": 4317, "gold_intent": "alarm_set", "gold_sentence": "set an alarm for ten o'clock tomorrow morning", "transcription": "Set on alarm for 10 o'clock tomorrow morning.", "asr_model": "mlx-community/whisper-large-v3-turbo", "wer": null, "predicted_intent_raw": "alarm_set", "predicted_intent": "alarm_set", "predicted_parameters": {"time": "10:00", "date": "tomorrow", "period": "morning"}, "tsa": 1}
{"condition": "clean", "prompt_variant": "minimal", "slurp_id": 9008, "gold_intent": "calendar_remove", "gold_sentence": "remove birthday event from my calendar", "transcription": "Remove what they went from my calendar.", "asr_model": "mlx-community/whisper-large-v3-turbo", "wer": null, "predicted_intent_raw": "calendar_remove", "predicted_intent": "calendar_remove", "predicted_parameters": {}, "tsa": 1}
{"condition": "clean", "prompt_variant": "minimal", "slurp_id": 4198, "gold_intent": "alarm_remove", "gold_sentence": "remove the alarm set for four hundred am", "transcription": "Remove the alarm sets for 400 a.m.", "asr_model": "mlx-community/whisper-large-v3-turbo", "wer": null, "predicted_intent_raw": "alarm_remove", "predicted_intent": "alarm_remove", "predicted_parameters": {"time": "400 a.m."}, "tsa": 1}
{"condition": "clean", "prompt_variant": "minimal", "slurp_id": 10629, "gold_intent": "lists_remove", "gold_sentence": "please remove this item from the list", "transcription": "Please remove this item from the list.", "asr_model": "mlx-community/whisper-large-v3-turbo", "wer": null, "predicted_intent_raw": "lists_remove", "predicted_intent": "lists_remove", "predicted_parameters": {}, "tsa": 1}
{"condition": "clean", "prompt_variant": "minimal", "slurp_id": 6823, "gold_intent": "calendar_set", "gold_sentence": "olly i want to go to the outdoor movie screening this weekend remind me", "transcription": "Oli, I want to go to the outdoor movie screen this weekend. Remind me.", "asr_model": "mlx-community/whisper-large-v3-turbo", "wer": null, "predicted_intent_raw": "alarm_set", "predicted_intent": "alarm_set", "predicted_parameters": {"event": "outdoor movie screen", "time": "this weekend"}, "tsa": 0}
{"condition": "clean", "prompt_variant": "minimal", "slurp_id": 10797, "gold_intent": "lists_createoradd", "gold_sentence": "please add milk to the grocery list", "transcription": "Please add milk to the grocery list.", "asr_model": "mlx-community/whisper-large-v3-turbo", "wer": null, "predicted_intent_raw": "lists_createoradd", "predicted_intent": "lists_createoradd", "predicted_parameters": {"item": "milk", "list_type": "grocery"}, "tsa": 1}
{"condition": "clean", "prompt_variant": "minimal", "slurp_id": 9049, "gold_intent": "alarm_set", "gold_sentence": "set an alarm for four pm tuesday", "transcription": "Set an alarm for 4 p.m. Tuesday", "asr_model": "mlx-community/whisper-large-v3-turbo", "wer": null, "predicted_intent_raw": "alarm_set", "predicted_intent": "alarm_set", "predicted_parameters": {"time": "4 p.m. Tuesday"}, "tsa": 1}
{"condition": "clean", "prompt_variant": "minimal", "slurp_id": 10767, "gold_intent": "lists_query", "gold_sentence": "are eggs on my shopping list", "transcription": "Rx on my shopping list", "asr_model": "mlx-community/whisper-large-v3-turbo", "wer": null, "predicted_intent_raw": "lists_query", "predicted_intent": "lists_query", "predicted_parameters": {"query": "Rx"}, "tsa": 1}
{"condition": "clean", "prompt_variant": "minimal", "slurp_id": 7357, "gold_intent": "calendar_query", "gold_sentence": "what are the list of events in my calendar in march", "transcription": "What are the list of events in my calendar in March?", "asr_model": "mlx-community/whisper-large-v3-turbo", "wer": null, "predicted_intent_raw": "calendar_query", "predicted_intent": "calendar_query", "predicted_parameters": {"month": "March"}, "tsa": 1}
{"condition": "clean", "prompt_variant": "minimal", "slurp_id": 7064, "gold_intent": "calendar_remove", "gold_sentence": "please delete all of my calendar events for the rest of the day", "transcription": "Please delete all of my claim.da events for the rest of the day.", "asr_model": "mlx-community/whisper-large-v3-turbo", "wer": null, "predicted_intent_raw": "calendar_remove", "predicted_intent": "calendar_remove", "predicted_parameters": {"query": "claim.da", "time_range": "rest of the day"}, "tsa": 1}
{"condition": "clean", "prompt_variant": "minimal", "slurp_id": 10962, "gold_intent": "lists_remove", "gold_sentence": "i don't want this list any more", "transcription": "I don't want this list anymore.", "asr_model": "mlx-community/whisper-large-v3-turbo", "wer": null, "predicted_intent_raw": "lists_remove", "predicted_intent": "lists_remove", "predicted_parameters": {}, "tsa": 1}
{"condition": "clean", "prompt_variant": "minimal", "slurp_id": 10468, "gold_intent": "lists_createoradd", "gold_sentence": "can you create a new list", "transcription": "Can you create a new list?", "asr_model": "mlx-community/whisper-large-v3-turbo", "wer": null, "predicted_intent_raw": "lists_createoradd", "predicted_intent": "lists_createoradd", "predicted_parameters": {}, "tsa": 1}
{"condition": "clean", "prompt_variant": "minimal", "slurp_id": 10557, "gold_intent": "lists_query", "gold_sentence": "please show my list", "transcription": "Please show my list.", "asr_model": "mlx-community/whisper-large-v3-turbo", "wer": null, "predicted_intent_raw": "lists_query", "predicted_intent": "lists_query", "predicted_parameters": {}, "tsa": 1}
{"condition": "clean", "prompt_variant": "minimal", "slurp_id": 4850, "gold_intent": "alarm_set", "gold_sentence": "set an alarm for five minutes from now", "transcription": "Set an alarm for 5 minutes from now", "asr_model": "mlx-community/whisper-large-v3-turbo", "wer": null, "predicted_intent_raw": "alarm_set", "predicted_intent": "alarm_set", "predicted_parameters": {"time": "5 minutes from now"}, "tsa": 1}
{"condition": "clean", "prompt_variant": "minimal", "slurp_id": 11076, "gold_intent": "lists_query", "gold_sentence": "what is that on the list", "transcription": "What is that on the list?", "asr_model": "mlx-community/whisper-large-v3-turbo", "wer": null, "predicted_intent_raw": "lists_query", "predicted_intent": "lists_query", "predicted_parameters": {}, "tsa": 1}
{"condition": "clean", "prompt_variant": "minimal", "slurp_id": 10896, "gold_intent": "lists_remove", "gold_sentence": "remove item from my list", "transcription": "Reave item from my list", "asr_model": "mlx-community/whisper-large-v3-turbo", "wer": null, "predicted_intent_raw": "lists_remove", "predicted_intent": "lists_remove", "predicted_parameters": {}, "tsa": 1}
{"condition": "clean", "prompt_variant": "minimal", "slurp_id": 5099, "gold_intent": "alarm_remove", "gold_sentence": "olly cancel alarms", "transcription": "Cancel alarm.", "asr_model": "mlx-community/whisper-large-v3-turbo", "wer": null, "predicted_intent_raw": "alarm_remove", "predicted_intent": "alarm_remove", "predicted_parameters": {}, "tsa": 1}
{"condition": "clean", "prompt_variant": "minimal", "slurp_id": 8953, "gold_intent": "calendar_set", "gold_sentence": "let me know of the meeting on tuesday", "transcription": "Let me know of the meeting on Tuesday.", "asr_model": "mlx-community/whisper-large-v3-turbo", "wer": null, "predicted_intent_raw": "calendar_query", "predicted_intent": "calendar_query", "predicted_parameters": {}, "tsa": 0}
{"condition": "clean", "prompt_variant": "minimal", "slurp_id": 4723, "gold_intent": "alarm_query", "gold_sentence": "list my different alarm", "transcription": "List my different alarm.", "asr_model": "mlx-community/whisper-large-v3-turbo", "wer": null, "predicted_intent_raw": "alarm_query", "predicted_intent": "alarm_query", "predicted_parameters": {}, "tsa": 1}
{"condition": "clean", "prompt_variant": "minimal", "slurp_id": 8609, "gold_intent": "calendar_set", "gold_sentence": "cancel my meeting with lisa on tuesday and reschedule it for thursday", "transcription": "My meeting with Lisa on Tuesday and reschedule it for Thursday.", "asr_model": "mlx-community/whisper-large-v3-turbo", "wer": null, "predicted_intent_raw": "calendar_set", "predicted_intent": "calendar_set", "predicted_parameters": {"action": "reschedule", "original_day": "Tuesday", "new_day": "Thursday", "attendee": "Lisa"}, "tsa": 1}
{"condition": "clean", "prompt_variant": "minimal", "slurp_id": 232, "gold_intent": "alarm_set", "gold_sentence": "set an alarm at six in the morning", "transcription": "Set an alarm at 6 in the morning.", "asr_model": "mlx-community/whisper-large-v3-turbo", "wer": null, "predicted_intent_raw": "alarm_set", "predicted_intent": "alarm_set", "predicted_parameters": {"time": "6:00 AM"}, "tsa": 1}
{"condition": "clean", "prompt_variant": "minimal", "slurp_id": 11065, "gold_intent": "lists_query", "gold_sentence": "hey olly what are my lists", "transcription": "Hey PDA, what are my lists?", "asr_model": "mlx-community/whisper-large-v3-turbo", "wer": null, "predicted_intent_raw": "lists_query", "predicted_intent": "lists_query", "predicted_parameters": {}, "tsa": 1}
{"condition": "clean", "prompt_variant": "minimal", "slurp_id": 8594, "gold_intent": "calendar_set", "gold_sentence": "schedule an event in my calendar for the pool party at jack's place this saturday", "transcription": "Schedule event in my calendar for the pool party at Jack's place this Saturday.", "asr_model": "mlx-community/whisper-large-v3-turbo", "wer": null, "predicted_intent_raw": "calendar_set", "predicted_intent": "calendar_set", "predicted_parameters": {"event": "pool party", "location": "Jack's place", "time": "this Saturday"}, "tsa": 1}
{"condition": "clean", "prompt_variant": "minimal", "slurp_id": 3956, "gold_intent": "alarm_set", "gold_sentence": "alert me in three hours", "transcription": "Let me in three hours", "asr_model": "mlx-community/whisper-large-v3-turbo", "wer": null, "predicted_intent_raw": "alarm_set", "predicted_intent": "alarm_set", "predicted_parameters": {"time": "3 hours"}, "tsa": 1}
{"condition": "clean", "prompt_variant": "minimal", "slurp_id": 8063, "gold_intent": "calendar_query", "gold_sentence": "when is my next reminder", "transcription": "When is my next reminder?", "asr_model": "mlx-community/whisper-large-v3-turbo", "wer": null, "predicted_intent_raw": "alarm_query", "predicted_intent": "alarm_query", "predicted_parameters": {}, "tsa": 0}
{"condition": "clean", "prompt_variant": "minimal", "slurp_id": 11045, "gold_intent": "lists_query", "gold_sentence": "open my list", "transcription": "Open my list.", "asr_model": "mlx-community/whisper-large-v3-turbo", "wer": null, "predicted_intent_raw": "lists_query", "predicted_intent": "lists_query", "predicted_parameters": {}, "tsa": 1}
{"condition": "clean", "prompt_variant": "expanded", "slurp_id": 7043, "gold_intent": "alarm_set", "gold_sentence": "set an alarm for two hours from now please", "transcription": "Set an alarm for two hours from now please.", "asr_model": "mlx-community/whisper-large-v3-turbo", "wer": null, "predicted_intent_raw": "alarm_set", "predicted_intent": "alarm_set", "predicted_parameters": {"time": "two hours from now"}, "tsa": 1}
{"condition": "clean", "prompt_variant": "expanded", "slurp_id": 9136, "gold_intent": "calendar_query", "gold_sentence": "any meeting on friday", "transcription": "Any meeting on?", "asr_model": "mlx-community/whisper-large-v3-turbo", "wer": null, "predicted_intent_raw": "calendar_query", "predicted_intent": "calendar_query", "predicted_parameters": {}, "tsa": 1}
{"condition": "clean", "prompt_variant": "expanded", "slurp_id": 8272, "gold_intent": "calendar_set", "gold_sentence": "add my upcoming meeting to my calendar", "transcription": "Add my upcoming meeting to my calendar", "asr_model": "mlx-community/whisper-large-v3-turbo", "wer": null, "predicted_intent_raw": "calendar_set", "predicted_intent": "calendar_set", "predicted_parameters": {}, "tsa": 1}
{"condition": "clean", "prompt_variant": "expanded", "slurp_id": 10973, "gold_intent": "lists_createoradd", "gold_sentence": "create a new list for school supplies", "transcription": "Create a new list for school supplies.", "asr_model": "mlx-community/whisper-large-v3-turbo", "wer": null, "predicted_intent_raw": "lists_createoradd", "predicted_intent": "lists_createoradd", "predicted_parameters": {"list_name": "school supplies"}, "tsa": 1}
{"condition": "clean", "prompt_variant": "expanded", "slurp_id": 4853, "gold_intent": "alarm_set", "gold_sentence": "please set my alarm", "transcription": "Please set my alarm.", "asr_model": "mlx-community/whisper-large-v3-turbo", "wer": null, "predicted_intent_raw": "alarm_set", "predicted_intent": "alarm_set", "predicted_parameters": {}, "tsa": 1}
{"condition": "clean", "prompt_variant": "expanded", "slurp_id": 10754, "gold_intent": "lists_query", "gold_sentence": "read back what i put on my to do list for this week", "transcription": "PDA, read back what I put on my to-do list for this week.", "asr_model": "mlx-community/whisper-large-v3-turbo", "wer": null, "predicted_intent_raw": "lists_query", "predicted_intent": "lists_query", "predicted_parameters": {"list_name": "to-do"}, "tsa": 1}
{"condition": "clean", "prompt_variant": "expanded", "slurp_id": 6751, "gold_intent": "calendar_query", "gold_sentence": "when is my next meeting", "transcription": "My next meeting.", "asr_model": "mlx-community/whisper-large-v3-turbo", "wer": null, "predicted_intent_raw": "calendar_query", "predicted_intent": "calendar_query", "predicted_parameters": {}, "tsa": 1}
{"condition": "clean", "prompt_variant": "expanded", "slurp_id": 10806, "gold_intent": "lists_query", "gold_sentence": "will you please show me my lists", "transcription": "Will you please show me my lists?", "asr_model": "mlx-community/whisper-large-v3-turbo", "wer": null, "predicted_intent_raw": "lists_query", "predicted_intent": "lists_query", "predicted_parameters": {}, "tsa": 1}
{"condition": "clean", "prompt_variant": "expanded", "slurp_id": 6827, "gold_intent": "calendar_query", "gold_sentence": "have you added a meeting with tom tomorrow at nine pm", "transcription": "We added a meeting with Tom tomorrow at 9 p.m.", "asr_model": "mlx-community/whisper-large-v3-turbo", "wer": null, "predicted_intent_raw": "calendar_set", "predicted_intent": "calendar_set", "predicted_parameters": {"person": "Tom", "date": "tomorrow", "time": "9:00 PM"}, "tsa": 0}
{"condition": "clean", "prompt_variant": "expanded", "slurp_id": 8873, "gold_intent": "calendar_set", "gold_sentence": "remember dinner on thursday at bistro italia", "transcription": "Remember dinner on Thursday at Bistro Italia.", "asr_model": "mlx-community/whisper-large-v3-turbo", "wer": null, "predicted_intent_raw": "calendar_set", "predicted_intent": "calendar_set", "predicted_parameters": {"event_name": "dinner", "date": "Thursday", "location": "Bistro Italia"}, "tsa": 1}
{"condition": "clean", "prompt_variant": "expanded", "slurp_id": 11160, "gold_intent": "lists_remove", "gold_sentence": "i don't want eggs", "transcription": "I don't want the ex.", "asr_model": "mlx-community/whisper-large-v3-turbo", "wer": null, "predicted_intent_raw": "unknown", "predicted_intent": "unknown", "predicted_parameters": {}, "tsa": 0}
{"condition": "clean", "prompt_variant": "expanded", "slurp_id": 7753, "gold_intent": "calendar_query", "gold_sentence": "what do i have to do on monday", "transcription": "I have to do a moment.", "asr_model": "mlx-community/whisper-large-v3-turbo", "wer": null, "predicted_intent_raw": "unknown", "predicted_intent": "unknown", "predicted_parameters": {}, "tsa": 0}
{"condition": "clean", "prompt_variant": "expanded", "slurp_id": 10666, "gold_intent": "lists_query", "gold_sentence": "read the list", "transcription": "Wait to last", "asr_model": "mlx-community/whisper-large-v3-turbo", "wer": null, "predicted_intent_raw": "unknown", "predicted_intent": "unknown", "predicted_parameters": {}, "tsa": 0}
{"condition": "clean", "prompt_variant": "expanded", "slurp_id": 10741, "gold_intent": "lists_createoradd", "gold_sentence": "add something to my list", "transcription": "as something to my list", "asr_model": "mlx-community/whisper-large-v3-turbo", "wer": null, "predicted_intent_raw": "lists_createoradd", "predicted_intent": "lists_createoradd", "predicted_parameters": {}, "tsa": 1}
{"condition": "clean", "prompt_variant": "expanded", "slurp_id": 8146, "gold_intent": "calendar_remove", "gold_sentence": "cancel my meeting on the fourteenth", "transcription": "Cancel my meeting on the 14th.", "asr_model": "mlx-community/whisper-large-v3-turbo", "wer": null, "predicted_intent_raw": "calendar_remove", "predicted_intent": "calendar_remove", "predicted_parameters": {"date": "14th"}, "tsa": 1}
{"condition": "clean", "prompt_variant": "expanded", "slurp_id": 8802, "gold_intent": "calendar_set", "gold_sentence": "please remind me of", "transcription": "Please remind me of...", "asr_model": "mlx-community/whisper-large-v3-turbo", "wer": null, "predicted_intent_raw": "unknown", "predicted_intent": "unknown", "predicted_parameters": {}, "tsa": 0}
{"condition": "clean", "prompt_variant": "expanded", "slurp_id": 10901, "gold_intent": "lists_createoradd", "gold_sentence": "create a new list of", "transcription": "Great new list of...", "asr_model": "mlx-community/whisper-large-v3-turbo", "wer": null, "predicted_intent_raw": "lists_createoradd", "predicted_intent": "lists_createoradd", "predicted_parameters": {}, "tsa": 1}
{"condition": "clean", "prompt_variant": "expanded", "slurp_id": 7852, "gold_intent": "calendar_set", "gold_sentence": "add event baseball practice five pm tonight", "transcription": "At event, baseball practice 5 p.m. tonight.", "asr_model": "mlx-community/whisper-large-v3-turbo", "wer": null, "predicted_intent_raw": "calendar_set", "predicted_intent": "calendar_set", "predicted_parameters": {"event_name": "baseball practice", "time": "5:00 PM", "date": "tonight"}, "tsa": 1}
{"condition": "clean", "prompt_variant": "expanded", "slurp_id": 10883, "gold_intent": "lists_remove", "gold_sentence": "please tell me how can i remove the item", "transcription": "Please tell me how can you remove the item?", "asr_model": "mlx-community/whisper-large-v3-turbo", "wer": null, "predicted_intent_raw": "unknown", "predicted_intent": "unknown", "predicted_parameters": {}, "tsa": 0}
{"condition": "clean", "prompt_variant": "expanded", "slurp_id": 7174, "gold_intent": "calendar_remove", "gold_sentence": "cancel", "transcription": "Cancel.", "asr_model": "mlx-community/whisper-large-v3-turbo", "wer": null, "predicted_intent_raw": "unknown", "predicted_intent": "unknown", "predicted_parameters": {}, "tsa": 0}
{"condition": "clean", "prompt_variant": "expanded", "slurp_id": 10521, "gold_intent": "lists_remove", "gold_sentence": "erase my old english songs list", "transcription": "Erase my old English songs list.", "asr_model": "mlx-community/whisper-large-v3-turbo", "wer": null, "predicted_intent_raw": "lists_remove", "predicted_intent": "lists_remove", "predicted_parameters": {"list_name": "old English songs"}, "tsa": 1}
{"condition": "clean", "prompt_variant": "expanded", "slurp_id": 7631, "gold_intent": "calendar_set", "gold_sentence": "set twelve noon prayer for every friday", "transcription": "Set 12 noon prayer for every Friday.", "asr_model": "mlx-community/whisper-large-v3-turbo", "wer": null, "predicted_intent_raw": "alarm_set", "predicted_intent": "alarm_set", "predicted_parameters": {"time": "12:00 PM", "date": "every Friday"}, "tsa": 0}
{"condition": "clean", "prompt_variant": "expanded", "slurp_id": 10648, "gold_intent": "lists_createoradd", "gold_sentence": "add grocery to list", "transcription": "Add grocery to list", "asr_model": "mlx-community/whisper-large-v3-turbo", "wer": null, "predicted_intent_raw": "lists_createoradd", "predicted_intent": "lists_createoradd", "predicted_parameters": {"item_name": "grocery"}, "tsa": 1}
{"condition": "clean", "prompt_variant": "expanded", "slurp_id": 2720, "gold_intent": "alarm_set", "gold_sentence": "set an alarm for five thirty", "transcription": "Set an alarm for 5.30.", "asr_model": "mlx-community/whisper-large-v3-turbo", "wer": null, "predicted_intent_raw": "alarm_set", "predicted_intent": "alarm_set", "predicted_parameters": {"time": "5:30"}, "tsa": 1}
{"condition": "clean", "prompt_variant": "expanded", "slurp_id": 7445, "gold_intent": "calendar_set", "gold_sentence": "please create an event with only these people", "transcription": "This creates an event with only these people.", "asr_model": "mlx-community/whisper-large-v3-turbo", "wer": null, "predicted_intent_raw": "calendar_set", "predicted_intent": "calendar_set", "predicted_parameters": {}, "tsa": 1}
{"condition": "clean", "prompt_variant": "expanded", "slurp_id": 3463, "gold_intent": "alarm_set", "gold_sentence": "i would like a wake up alarm at seven am tomorrow", "transcription": "I would like to wake up alarm at 7 a.m. tomorrow.", "asr_model": "mlx-community/whisper-large-v3-turbo", "wer": null, "predicted_intent_raw": "alarm_set", "predicted_intent": "alarm_set", "predicted_parameters": {"time": "7:00 AM", "date": "tomorrow"}, "tsa": 1}
{"condition": "clean", "prompt_variant": "expanded", "slurp_id": 8258, "gold_intent": "calendar_query", "gold_sentence": "more about the concert in st pete", "transcription": "More about the concert in St. Pete.", "asr_model": "mlx-community/whisper-large-v3-turbo", "wer": null, "predicted_intent_raw": "unknown", "predicted_intent": "unknown", "predicted_parameters": {}, "tsa": 0}
{"condition": "clean", "prompt_variant": "expanded", "slurp_id": 8655, "gold_intent": "calendar_set", "gold_sentence": "add an event starting at three pm in goshen new york on may fifth for dan's graduation", "transcription": "At an event starting at 3 p.m. in Boston, New York on May 5th for dance graduation.", "asr_model": "mlx-community/whisper-large-v3-turbo", "wer": null, "predicted_intent_raw": "calendar_set", "predicted_intent": "calendar_set", "predicted_parameters": {"event_name": "dance graduation", "time": "3:00 PM", "date": "May 5th", "location": "Boston, New York"}, "tsa": 1}
{"condition": "clean", "prompt_variant": "expanded", "slurp_id": 8152, "gold_intent": "calendar_query", "gold_sentence": "give me information about the concert on tuesday night", "transcription": "Give me information about the concert on Tuesday night.", "asr_model": "mlx-community/whisper-large-v3-turbo", "wer": null, "predicted_intent_raw": "calendar_query", "predicted_intent": "calendar_query", "predicted_parameters": {"date": "Tuesday night"}, "tsa": 1}
{"condition": "clean", "prompt_variant": "expanded", "slurp_id": 10728, "gold_intent": "lists_query", "gold_sentence": "display available lists", "transcription": "Display available lists", "asr_model": "mlx-community/whisper-large-v3-turbo", "wer": null, "predicted_intent_raw": "lists_query", "predicted_intent": "lists_query", "predicted_parameters": {}, "tsa": 1}
{"condition": "clean", "prompt_variant": "expanded", "slurp_id": 10925, "gold_intent": "lists_createoradd", "gold_sentence": "create a new list of my pending bills", "transcription": "I made a new list for my pending bills.", "asr_model": "mlx-community/whisper-large-v3-turbo", "wer": null, "predicted_intent_raw": "lists_createoradd", "predicted_intent": "lists_createoradd", "predicted_parameters": {"list_name": "pending bills"}, "tsa": 1}
{"condition": "clean", "prompt_variant": "expanded", "slurp_id": 7101, "gold_intent": "calendar_set", "gold_sentence": "let me know the morning of my doctor appointment on the twelfth", "transcription": "Let me know the morning of my daughter appointment on the 12th.", "asr_model": "mlx-community/whisper-large-v3-turbo", "wer": null, "predicted_intent_raw": "calendar_query", "predicted_intent": "calendar_query", "predicted_parameters": {"date": "12th", "event_name": "daughter appointment"}, "tsa": 0}
{"condition": "clean", "prompt_variant": "expanded", "slurp_id": 11022, "gold_intent": "lists_remove", "gold_sentence": "we're out of paint so take bathroom painting off the list", "transcription": "We're out of paint so take bathroom painting off the list.", "asr_model": "mlx-community/whisper-large-v3-turbo", "wer": null, "predicted_intent_raw": "lists_remove", "predicted_intent": "lists_remove", "predicted_parameters": {"item_name": "bathroom painting"}, "tsa": 1}
{"condition": "clean", "prompt_variant": "expanded", "slurp_id": 7309, "gold_intent": "calendar_query", "gold_sentence": "what is my first appointment today", "transcription": "What is my first appointment today?", "asr_model": "mlx-community/whisper-large-v3-turbo", "wer": null, "predicted_intent_raw": "calendar_query", "predicted_intent": "calendar_query", "predicted_parameters": {"date": "today"}, "tsa": 1}
{"condition": "clean", "prompt_variant": "expanded", "slurp_id": 8848, "gold_intent": "calendar_set", "gold_sentence": "please tell me to take my umbrella because it will be very hot today", "transcription": "Please tell me to take my umbrella because it will be very hot today.", "asr_model": "mlx-community/whisper-large-v3-turbo", "wer": null, "predicted_intent_raw": "unknown", "predicted_intent": "unknown", "predicted_parameters": {}, "tsa": 0}
{"condition": "clean", "prompt_variant": "expanded", "slurp_id": 4318, "gold_intent": "alarm_set", "gold_sentence": "wake me up at ten", "transcription": "Wake me up at 10.", "asr_model": "mlx-community/whisper-large-v3-turbo", "wer": null, "predicted_intent_raw": "alarm_set", "predicted_intent": "alarm_set", "predicted_parameters": {"time": "10:00"}, "tsa": 1}
{"condition": "clean", "prompt_variant": "expanded", "slurp_id": 7112, "gold_intent": "calendar_query", "gold_sentence": "when is that meeting with my boss next week", "transcription": "That meeting with my boss next week.", "asr_model": "mlx-community/whisper-large-v3-turbo", "wer": null, "predicted_intent_raw": "calendar_query", "predicted_intent": "calendar_query", "predicted_parameters": {"date": "next week"}, "tsa": 1}
{"condition": "clean", "prompt_variant": "expanded", "slurp_id": 8385, "gold_intent": "calendar_query", "gold_sentence": "is this week a payday week", "transcription": "Is this week a payday week?", "asr_model": "mlx-community/whisper-large-v3-turbo", "wer": null, "predicted_intent_raw": "unknown", "predicted_intent": "unknown", "predicted_parameters": {}, "tsa": 0}
{"condition": "clean", "prompt_variant": "expanded", "slurp_id": 8863, "gold_intent": "calendar_remove", "gold_sentence": "please delete all reminder of sunday", "transcription": "Please delete all reminder of Sunday.", "asr_model": "mlx-community/whisper-large-v3-turbo", "wer": null, "predicted_intent_raw": "alarm_remove", "predicted_intent": "alarm_remove", "predicted_parameters": {"date": "Sunday"}, "tsa": 0}
{"condition": "clean", "prompt_variant": "expanded", "slurp_id": 8729, "gold_intent": "calendar_set", "gold_sentence": "set a weekly appointment reminder", "transcription": "Set a weekly appointment reminder.", "asr_model": "mlx-community/whisper-large-v3-turbo", "wer": null, "predicted_intent_raw": "calendar_set", "predicted_intent": "calendar_set", "predicted_parameters": {}, "tsa": 1}
{"condition": "clean", "prompt_variant": "expanded", "slurp_id": 7104, "gold_intent": "calendar_set", "gold_sentence": "make a calendar entry for brunch on saturday morning with chris kimberly and aaronson", "transcription": "Make a calendar entry for brunch on Saturday morning with Chris, Kimberley and Aaron Sander.", "asr_model": "mlx-community/whisper-large-v3-turbo", "wer": null, "predicted_intent_raw": "calendar_set", "predicted_intent": "calendar_set", "predicted_parameters": {"event_name": "brunch", "date": "Saturday", "person": "Chris, Kimberley and Aaron Sander"}, "tsa": 1}
{"condition": "clean", "prompt_variant": "expanded", "slurp_id": 7065, "gold_intent": "calendar_query", "gold_sentence": "what events are in my calendar for today", "transcription": "What events are in my calendar for today?", "asr_model": "mlx-community/whisper-large-v3-turbo", "wer": null, "predicted_intent_raw": "calendar_query", "predicted_intent": "calendar_query", "predicted_parameters": {"date": "today"}, "tsa": 1}
{"condition": "clean", "prompt_variant": "expanded", "slurp_id": 9013, "gold_intent": "calendar_set", "gold_sentence": "remind me on fifth april there is a meeting with boss", "transcription": "Remind me, on 5th April there is a meeting with boss.", "asr_model": "mlx-community/whisper-large-v3-turbo", "wer": null, "predicted_intent_raw": "calendar_set", "predicted_intent": "calendar_set", "predicted_parameters": {"event_name": "meeting with boss", "date": "5th April"}, "tsa": 1}
{"condition": "clean", "prompt_variant": "expanded", "slurp_id": 3151, "gold_intent": "alarm_remove", "gold_sentence": "remove my early alarms", "transcription": "Remove my early alarms.", "asr_model": "mlx-community/whisper-large-v3-turbo", "wer": null, "predicted_intent_raw": "alarm_remove", "predicted_intent": "alarm_remove", "predicted_parameters": {}, "tsa": 1}
{"condition": "clean", "prompt_variant": "expanded", "slurp_id": 601, "gold_intent": "alarm_set", "gold_sentence": "start alarm", "transcription": "Start alarm.", "asr_model": "mlx-community/whisper-large-v3-turbo", "wer": null, "predicted_intent_raw": "alarm_set", "predicted_intent": "alarm_set", "predicted_parameters": {}, "tsa": 1}
{"condition": "clean", "prompt_variant": "expanded", "slurp_id": 7517, "gold_intent": "calendar_set", "gold_sentence": "schedule a meeting on tuesday", "transcription": "Schedule meeting on Tuesday.", "asr_model": "mlx-community/whisper-large-v3-turbo", "wer": null, "predicted_intent_raw": "calendar_set", "predicted_intent": "calendar_set", "predicted_parameters": {"date": "Tuesday"}, "tsa": 1}
{"condition": "clean", "prompt_variant": "expanded", "slurp_id": 10886, "gold_intent": "lists_query", "gold_sentence": "can i check my lists", "transcription": "Can I check my lists?", "asr_model": "mlx-community/whisper-large-v3-turbo", "wer": null, "predicted_intent_raw": "lists_query", "predicted_intent": "lists_query", "predicted_parameters": {}, "tsa": 1}
{"condition": "clean", "prompt_variant": "expanded", "slurp_id": 7007, "gold_intent": "calendar_set", "gold_sentence": "set an appointment for allen on tomorrow", "transcription": "Set an appointment for Alan tomorrow.", "asr_model": "mlx-community/whisper-large-v3-turbo", "wer": null, "predicted_intent_raw": "calendar_set", "predicted_intent": "calendar_set", "predicted_parameters": {"person": "Alan", "date": "tomorrow"}, "tsa": 1}
{"condition": "clean", "prompt_variant": "expanded", "slurp_id": 8834, "gold_intent": "calendar_remove", "gold_sentence": "remove all my meetings for the rest of the week", "transcription": "I will remove all my meetings for the rest of the week.", "asr_model": "mlx-community/whisper-large-v3-turbo", "wer": null, "predicted_intent_raw": "calendar_remove", "predicted_intent": "calendar_remove", "predicted_parameters": {"date": "rest of the week"}, "tsa": 1}
{"condition": "clean", "prompt_variant": "expanded", "slurp_id": 538, "gold_intent": "alarm_set", "gold_sentence": "set an alarm for one pm", "transcription": "Set an alarm for 1pm.", "asr_model": "mlx-community/whisper-large-v3-turbo", "wer": null, "predicted_intent_raw": "alarm_set", "predicted_intent": "alarm_set", "predicted_parameters": {"time": "1:00 PM"}, "tsa": 1}
{"condition": "clean", "prompt_variant": "expanded", "slurp_id": 7351, "gold_intent": "calendar_set", "gold_sentence": "in the calendar put that we are having dinner with frank at eight pm on the ninth of august", "transcription": "In the calendar, put that we are having dinner with Frank at 8pm on the 9th of August.", "asr_model": "mlx-community/whisper-large-v3-turbo", "wer": null, "predicted_intent_raw": "calendar_set", "predicted_intent": "calendar_set", "predicted_parameters": {"event_name": "dinner with Frank", "time": "8:00 PM", "date": "9th of August"}, "tsa": 1}
{"condition": "clean", "prompt_variant": "expanded", "slurp_id": 8046, "gold_intent": "calendar_query", "gold_sentence": "how many meetings do i have next week", "transcription": "How many meetings do I have next week?", "asr_model": "mlx-community/whisper-large-v3-turbo", "wer": null, "predicted_intent_raw": "calendar_query", "predicted_intent": "calendar_query", "predicted_parameters": {"date": "next week"}, "tsa": 1}
{"condition": "clean", "prompt_variant": "expanded", "slurp_id": 6881, "gold_intent": "calendar_query", "gold_sentence": "when is the next appointment on my calendar", "transcription": "When is the next appointment on my calendar?", "asr_model": "mlx-community/whisper-large-v3-turbo", "wer": null, "predicted_intent_raw": "calendar_query", "predicted_intent": "calendar_query", "predicted_parameters": {}, "tsa": 1}
{"condition": "clean", "prompt_variant": "expanded", "slurp_id": 11047, "gold_intent": "lists_remove", "gold_sentence": "remove last played song", "transcription": "Last blade, so...", "asr_model": "mlx-community/whisper-large-v3-turbo", "wer": null, "predicted_intent_raw": "unknown", "predicted_intent": "unknown", "predicted_parameters": {}, "tsa": 0}
{"condition": "clean", "prompt_variant": "expanded", "slurp_id": 8859, "gold_intent": "calendar_query", "gold_sentence": "what is my schedule for june fourteenth two thousand and seventeen", "transcription": "What is my schedule for June 14, 2017?", "asr_model": "mlx-community/whisper-large-v3-turbo", "wer": null, "predicted_intent_raw": "calendar_query", "predicted_intent": "calendar_query", "predicted_parameters": {"date": "June 14, 2017"}, "tsa": 1}
{"condition": "clean", "prompt_variant": "expanded", "slurp_id": 937, "gold_intent": "alarm_remove", "gold_sentence": "phones", "transcription": "Phones.", "asr_model": "mlx-community/whisper-large-v3-turbo", "wer": null, "predicted_intent_raw": "unknown", "predicted_intent": "unknown", "predicted_parameters": {}, "tsa": 0}
{"condition": "clean", "prompt_variant": "expanded", "slurp_id": 8270, "gold_intent": "calendar_set", "gold_sentence": "notification of meeting on wednesday", "transcription": "notification of meeting on Wednesday", "asr_model": "mlx-community/whisper-large-v3-turbo", "wer": null, "predicted_intent_raw": "calendar_set", "predicted_intent": "calendar_set", "predicted_parameters": {"date": "Wednesday"}, "tsa": 1}
{"condition": "clean", "prompt_variant": "expanded", "slurp_id": 10746, "gold_intent": "lists_remove", "gold_sentence": "remove that item from my list", "transcription": "Remove that item from my list.", "asr_model": "mlx-community/whisper-large-v3-turbo", "wer": null, "predicted_intent_raw": "lists_remove", "predicted_intent": "lists_remove", "predicted_parameters": {}, "tsa": 1}
{"condition": "clean", "prompt_variant": "expanded", "slurp_id": 10450, "gold_intent": "lists_query", "gold_sentence": "what is on my shopping list today", "transcription": "What is on my shopping list today?", "asr_model": "mlx-community/whisper-large-v3-turbo", "wer": null, "predicted_intent_raw": "lists_query", "predicted_intent": "lists_query", "predicted_parameters": {"list_name": "shopping"}, "tsa": 1}
{"condition": "clean", "prompt_variant": "expanded", "slurp_id": 8208, "gold_intent": "calendar_query", "gold_sentence": "what time is the evening meeting i have with john", "transcription": "What time is the evening meeting I have with John?", "asr_model": "mlx-community/whisper-large-v3-turbo", "wer": null, "predicted_intent_raw": "calendar_query", "predicted_intent": "calendar_query", "predicted_parameters": {"event_name": "evening meeting", "person": "John"}, "tsa": 1}
{"condition": "clean", "prompt_variant": "expanded", "slurp_id": 11041, "gold_intent": "lists_createoradd", "gold_sentence": "remind me to order more soap", "transcription": "Remind me to order some soap.", "asr_model": "mlx-community/whisper-large-v3-turbo", "wer": null, "predicted_intent_raw": "alarm_set", "predicted_intent": "alarm_set", "predicted_parameters": {"item_name": "order some soap"}, "tsa": 0}
{"condition": "clean", "prompt_variant": "expanded", "slurp_id": 10532, "gold_intent": "lists_query", "gold_sentence": "what were the last five lists i made", "transcription": "What were the last five lists I made?", "asr_model": "mlx-community/whisper-large-v3-turbo", "wer": null, "predicted_intent_raw": "lists_query", "predicted_intent": "lists_query", "predicted_parameters": {}, "tsa": 1}
{"condition": "clean", "prompt_variant": "expanded", "slurp_id": 9040, "gold_intent": "calendar_remove", "gold_sentence": "make blank on july three calendar", "transcription": "Make blank on July 3rd calendar.", "asr_model": "mlx-community/whisper-large-v3-turbo", "wer": null, "predicted_intent_raw": "calendar_remove", "predicted_intent": "calendar_remove", "predicted_parameters": {"date": "July 3rd"}, "tsa": 1}
{"condition": "clean", "prompt_variant": "expanded", "slurp_id": 9144, "gold_intent": "calendar_set", "gold_sentence": "remind me that i have an appointment twelve o clock on saturday", "transcription": "Remind me that I have an appointment 12 o'clock on Saturday.", "asr_model": "mlx-community/whisper-large-v3-turbo", "wer": null, "predicted_intent_raw": "alarm_set", "predicted_intent": "alarm_set", "predicted_parameters": {"time": "12:00 PM Saturday"}, "tsa": 0}
{"condition": "clean", "prompt_variant": "expanded", "slurp_id": 7747, "gold_intent": "calendar_remove", "gold_sentence": "remove all data from my calendar", "transcription": "Move all data from my calendar.", "asr_model": "mlx-community/whisper-large-v3-turbo", "wer": null, "predicted_intent_raw": "calendar_remove", "predicted_intent": "calendar_remove", "predicted_parameters": {}, "tsa": 1}
{"condition": "clean", "prompt_variant": "expanded", "slurp_id": 7474, "gold_intent": "calendar_set", "gold_sentence": "remember to fix a meeting between me and the players tomorrow evening by seven", "transcription": "between me and the players tomorrow evening by 7pm.", "asr_model": "mlx-community/whisper-large-v3-turbo", "wer": null, "predicted_intent_raw": "calendar_set", "predicted_intent": "calendar_set", "predicted_parameters": {"time": "7:00 PM", "date": "tomorrow", "event_name": "between me and the players"}, "tsa": 1}
{"condition": "clean", "prompt_variant": "expanded", "slurp_id": 6760, "gold_intent": "calendar_remove", "gold_sentence": "cancel my five pm daily call", "transcription": "Cancel my 5 p.m. daily call.", "asr_model": "mlx-community/whisper-large-v3-turbo", "wer": null, "predicted_intent_raw": "calendar_remove", "predicted_intent": "calendar_remove", "predicted_parameters": {"time": "5:00 PM", "event_name": "daily call"}, "tsa": 1}
{"condition": "clean", "prompt_variant": "expanded", "slurp_id": 7846, "gold_intent": "calendar_query", "gold_sentence": "what reminders are coming up this week", "transcription": "What reminders are coming up for this week?", "asr_model": "mlx-community/whisper-large-v3-turbo", "wer": null, "predicted_intent_raw": "alarm_query", "predicted_intent": "alarm_query", "predicted_parameters": {"date": "this week"}, "tsa": 0}
{"condition": "clean", "prompt_variant": "expanded", "slurp_id": 7653, "gold_intent": "calendar_set", "gold_sentence": "don't forget to remind me of my brother's birthday on april twenty", "transcription": "Don't forget to remind me of my brother's birthday on April 20th.", "asr_model": "mlx-community/whisper-large-v3-turbo", "wer": null, "predicted_intent_raw": "alarm_set", "predicted_intent": "alarm_set", "predicted_parameters": {"time": "April 20th", "person": "brother"}, "tsa": 0}
{"condition": "clean", "prompt_variant": "expanded", "slurp_id": 7131, "gold_intent": "calendar_remove", "gold_sentence": "delete the wedding on the tenth from my calendar", "transcription": "Delete the wedding on the 10th from my calendar.", "asr_model": "mlx-community/whisper-large-v3-turbo", "wer": null, "predicted_intent_raw": "calendar_remove", "predicted_intent": "calendar_remove", "predicted_parameters": {"event_name": "wedding", "date": "10th"}, "tsa": 1}
{"condition": "clean", "prompt_variant": "expanded", "slurp_id": 8047, "gold_intent": "calendar_set", "gold_sentence": "on february fourteenth make dinner reservations at the restaurant", "transcription": "14th May, dinner reservations at the restaurant.", "asr_model": "mlx-community/whisper-large-v3-turbo", "wer": null, "predicted_intent_raw": "calendar_set", "predicted_intent": "calendar_set", "predicted_parameters": {"date": "14th May", "event_name": "dinner reservations at the restaurant"}, "tsa": 1}
{"condition": "clean", "prompt_variant": "expanded", "slurp_id": 8938, "gold_intent": "calendar_set", "gold_sentence": "john marriage anniversary", "transcription": "Parish anniversary", "asr_model": "mlx-community/whisper-large-v3-turbo", "wer": null, "predicted_intent_raw": "unknown", "predicted_intent": "unknown", "predicted_parameters": {}, "tsa": 0}
{"condition": "clean", "prompt_variant": "expanded", "slurp_id": 7688, "gold_intent": "calendar_query", "gold_sentence": "do i have any reminders pending", "transcription": "Do I have any reminders pending?", "asr_model": "mlx-community/whisper-large-v3-turbo", "wer": null, "predicted_intent_raw": "alarm_query", "predicted_intent": "alarm_query", "predicted_parameters": {}, "tsa": 0}
{"condition": "clean", "prompt_variant": "expanded", "slurp_id": 8668, "gold_intent": "calendar_query", "gold_sentence": "in the last year how many hours have i been in meetings", "transcription": "In the last year, how many hours have I been in meetings?", "asr_model": "mlx-community/whisper-large-v3-turbo", "wer": null, "predicted_intent_raw": "unknown", "predicted_intent": "unknown", "predicted_parameters": {}, "tsa": 0}
{"condition": "clean", "prompt_variant": "expanded", "slurp_id": 4317, "gold_intent": "alarm_set", "gold_sentence": "set an alarm for ten o'clock tomorrow morning", "transcription": "Set on alarm for 10 o'clock tomorrow morning.", "asr_model": "mlx-community/whisper-large-v3-turbo", "wer": null, "predicted_intent_raw": "alarm_set", "predicted_intent": "alarm_set", "predicted_parameters": {"time": "10:00 AM tomorrow"}, "tsa": 1}
{"condition": "clean", "prompt_variant": "expanded", "slurp_id": 9008, "gold_intent": "calendar_remove", "gold_sentence": "remove birthday event from my calendar", "transcription": "Remove what they went from my calendar.", "asr_model": "mlx-community/whisper-large-v3-turbo", "wer": null, "predicted_intent_raw": "calendar_remove", "predicted_intent": "calendar_remove", "predicted_parameters": {}, "tsa": 1}
{"condition": "clean", "prompt_variant": "expanded", "slurp_id": 4198, "gold_intent": "alarm_remove", "gold_sentence": "remove the alarm set for four hundred am", "transcription": "Remove the alarm sets for 400 a.m.", "asr_model": "mlx-community/whisper-large-v3-turbo", "wer": null, "predicted_intent_raw": "alarm_remove", "predicted_intent": "alarm_remove", "predicted_parameters": {"time": "4:00 AM"}, "tsa": 1}
{"condition": "clean", "prompt_variant": "expanded", "slurp_id": 10629, "gold_intent": "lists_remove", "gold_sentence": "please remove this item from the list", "transcription": "Please remove this item from the list.", "asr_model": "mlx-community/whisper-large-v3-turbo", "wer": null, "predicted_intent_raw": "lists_remove", "predicted_intent": "lists_remove", "predicted_parameters": {}, "tsa": 1}
{"condition": "clean", "prompt_variant": "expanded", "slurp_id": 6823, "gold_intent": "calendar_set", "gold_sentence": "olly i want to go to the outdoor movie screening this weekend remind me", "transcription": "Oli, I want to go to the outdoor movie screen this weekend. Remind me.", "asr_model": "mlx-community/whisper-large-v3-turbo", "wer": null, "predicted_intent_raw": "alarm_set", "predicted_intent": "alarm_set", "predicted_parameters": {"time": "this weekend", "event_name": "outdoor movie screen"}, "tsa": 0}
{"condition": "clean", "prompt_variant": "expanded", "slurp_id": 10797, "gold_intent": "lists_createoradd", "gold_sentence": "please add milk to the grocery list", "transcription": "Please add milk to the grocery list.", "asr_model": "mlx-community/whisper-large-v3-turbo", "wer": null, "predicted_intent_raw": "lists_createoradd", "predicted_intent": "lists_createoradd", "predicted_parameters": {"item_name": "milk", "list_name": "grocery"}, "tsa": 1}
{"condition": "clean", "prompt_variant": "expanded", "slurp_id": 9049, "gold_intent": "alarm_set", "gold_sentence": "set an alarm for four pm tuesday", "transcription": "Set an alarm for 4 p.m. Tuesday", "asr_model": "mlx-community/whisper-large-v3-turbo", "wer": null, "predicted_intent_raw": "alarm_set", "predicted_intent": "alarm_set", "predicted_parameters": {"time": "4:00 PM Tuesday"}, "tsa": 1}
{"condition": "clean", "prompt_variant": "expanded", "slurp_id": 10767, "gold_intent": "lists_query", "gold_sentence": "are eggs on my shopping list", "transcription": "Rx on my shopping list", "asr_model": "mlx-community/whisper-large-v3-turbo", "wer": null, "predicted_intent_raw": "lists_query", "predicted_intent": "lists_query", "predicted_parameters": {"list_name": "shopping"}, "tsa": 1}
{"condition": "clean", "prompt_variant": "expanded", "slurp_id": 7357, "gold_intent": "calendar_query", "gold_sentence": "what are the list of events in my calendar in march", "transcription": "What are the list of events in my calendar in March?", "asr_model": "mlx-community/whisper-large-v3-turbo", "wer": null, "predicted_intent_raw": "calendar_query", "predicted_intent": "calendar_query", "predicted_parameters": {"date": "March"}, "tsa": 1}
{"condition": "clean", "prompt_variant": "expanded", "slurp_id": 7064, "gold_intent": "calendar_remove", "gold_sentence": "please delete all of my calendar events for the rest of the day", "transcription": "Please delete all of my claim.da events for the rest of the day.", "asr_model": "mlx-community/whisper-large-v3-turbo", "wer": null, "predicted_intent_raw": "calendar_remove", "predicted_intent": "calendar_remove", "predicted_parameters": {"event_name": "claim.da", "date": "today"}, "tsa": 1}
{"condition": "clean", "prompt_variant": "expanded", "slurp_id": 10962, "gold_intent": "lists_remove", "gold_sentence": "i don't want this list any more", "transcription": "I don't want this list anymore.", "asr_model": "mlx-community/whisper-large-v3-turbo", "wer": null, "predicted_intent_raw": "lists_remove", "predicted_intent": "lists_remove", "predicted_parameters": {}, "tsa": 1}
{"condition": "clean", "prompt_variant": "expanded", "slurp_id": 10468, "gold_intent": "lists_createoradd", "gold_sentence": "can you create a new list", "transcription": "Can you create a new list?", "asr_model": "mlx-community/whisper-large-v3-turbo", "wer": null, "predicted_intent_raw": "lists_createoradd", "predicted_intent": "lists_createoradd", "predicted_parameters": {}, "tsa": 1}
{"condition": "clean", "prompt_variant": "expanded", "slurp_id": 10557, "gold_intent": "lists_query", "gold_sentence": "please show my list", "transcription": "Please show my list.", "asr_model": "mlx-community/whisper-large-v3-turbo", "wer": null, "predicted_intent_raw": "lists_query", "predicted_intent": "lists_query", "predicted_parameters": {}, "tsa": 1}
{"condition": "clean", "prompt_variant": "expanded", "slurp_id": 4850, "gold_intent": "alarm_set", "gold_sentence": "set an alarm for five minutes from now", "transcription": "Set an alarm for 5 minutes from now", "asr_model": "mlx-community/whisper-large-v3-turbo", "wer": null, "predicted_intent_raw": "alarm_set", "predicted_intent": "alarm_set", "predicted_parameters": {"time": "5 minutes from now"}, "tsa": 1}
{"condition": "clean", "prompt_variant": "expanded", "slurp_id": 11076, "gold_intent": "lists_query", "gold_sentence": "what is that on the list", "transcription": "What is that on the list?", "asr_model": "mlx-community/whisper-large-v3-turbo", "wer": null, "predicted_intent_raw": "lists_query", "predicted_intent": "lists_query", "predicted_parameters": {}, "tsa": 1}
{"condition": "clean", "prompt_variant": "expanded", "slurp_id": 10896, "gold_intent": "lists_remove", "gold_sentence": "remove item from my list", "transcription": "Reave item from my list", "asr_model": "mlx-community/whisper-large-v3-turbo", "wer": null, "predicted_intent_raw": "lists_remove", "predicted_intent": "lists_remove", "predicted_parameters": {"item_name": "Reave"}, "tsa": 1}
{"condition": "clean", "prompt_variant": "expanded", "slurp_id": 5099, "gold_intent": "alarm_remove", "gold_sentence": "olly cancel alarms", "transcription": "Cancel alarm.", "asr_model": "mlx-community/whisper-large-v3-turbo", "wer": null, "predicted_intent_raw": "alarm_remove", "predicted_intent": "alarm_remove", "predicted_parameters": {}, "tsa": 1}
{"condition": "clean", "prompt_variant": "expanded", "slurp_id": 8953, "gold_intent": "calendar_set", "gold_sentence": "let me know of the meeting on tuesday", "transcription": "Let me know of the meeting on Tuesday.", "asr_model": "mlx-community/whisper-large-v3-turbo", "wer": null, "predicted_intent_raw": "calendar_query", "predicted_intent": "calendar_query", "predicted_parameters": {"date": "Tuesday"}, "tsa": 0}
{"condition": "clean", "prompt_variant": "expanded", "slurp_id": 4723, "gold_intent": "alarm_query", "gold_sentence": "list my different alarm", "transcription": "List my different alarm.", "asr_model": "mlx-community/whisper-large-v3-turbo", "wer": null, "predicted_intent_raw": "alarm_query", "predicted_intent": "alarm_query", "predicted_parameters": {}, "tsa": 1}
{"condition": "clean", "prompt_variant": "expanded", "slurp_id": 8609, "gold_intent": "calendar_set", "gold_sentence": "cancel my meeting with lisa on tuesday and reschedule it for thursday", "transcription": "My meeting with Lisa on Tuesday and reschedule it for Thursday.", "asr_model": "mlx-community/whisper-large-v3-turbo", "wer": null, "predicted_intent_raw": "calendar_set", "predicted_intent": "calendar_set", "predicted_parameters": {"event_name": "meeting with Lisa", "date": "Thursday"}, "tsa": 1}
{"condition": "clean", "prompt_variant": "expanded", "slurp_id": 232, "gold_intent": "alarm_set", "gold_sentence": "set an alarm at six in the morning", "transcription": "Set an alarm at 6 in the morning.", "asr_model": "mlx-community/whisper-large-v3-turbo", "wer": null, "predicted_intent_raw": "alarm_set", "predicted_intent": "alarm_set", "predicted_parameters": {"time": "6:00 AM"}, "tsa": 1}
{"condition": "clean", "prompt_variant": "expanded", "slurp_id": 11065, "gold_intent": "lists_query", "gold_sentence": "hey olly what are my lists", "transcription": "Hey PDA, what are my lists?", "asr_model": "mlx-community/whisper-large-v3-turbo", "wer": null, "predicted_intent_raw": "lists_query", "predicted_intent": "lists_query", "predicted_parameters": {}, "tsa": 1}
{"condition": "clean", "prompt_variant": "expanded", "slurp_id": 8594, "gold_intent": "calendar_set", "gold_sentence": "schedule an event in my calendar for the pool party at jack's place this saturday", "transcription": "Schedule event in my calendar for the pool party at Jack's place this Saturday.", "asr_model": "mlx-community/whisper-large-v3-turbo", "wer": null, "predicted_intent_raw": "calendar_set", "predicted_intent": "calendar_set", "predicted_parameters": {"event_name": "pool party", "date": "this Saturday", "person": "Jack"}, "tsa": 1}
{"condition": "clean", "prompt_variant": "expanded", "slurp_id": 3956, "gold_intent": "alarm_set", "gold_sentence": "alert me in three hours", "transcription": "Let me in three hours", "asr_model": "mlx-community/whisper-large-v3-turbo", "wer": null, "predicted_intent_raw": "alarm_set", "predicted_intent": "alarm_set", "predicted_parameters": {"time": "3 hours from now"}, "tsa": 1}
{"condition": "clean", "prompt_variant": "expanded", "slurp_id": 8063, "gold_intent": "calendar_query", "gold_sentence": "when is my next reminder", "transcription": "When is my next reminder?", "asr_model": "mlx-community/whisper-large-v3-turbo", "wer": null, "predicted_intent_raw": "alarm_query", "predicted_intent": "alarm_query", "predicted_parameters": {}, "tsa": 0}
{"condition": "clean", "prompt_variant": "expanded", "slurp_id": 11045, "gold_intent": "lists_query", "gold_sentence": "open my list", "transcription": "Open my list.", "asr_model": "mlx-community/whisper-large-v3-turbo", "wer": null, "predicted_intent_raw": "lists_query", "predicted_intent": "lists_query", "predicted_parameters": {}, "tsa": 1}
{"condition": "noise_snr10", "prompt_variant": "primary", "slurp_id": 7043, "gold_intent": "alarm_set", "gold_sentence": "set an alarm for two hours from now please", "transcription": "Set an alarm for 2 hours from now please.", "asr_model": "mlx-community/whisper-large-v3-turbo", "wer": null, "predicted_intent_raw": "alarm_set", "predicted_intent": "alarm_set", "predicted_parameters": {"time": "2 hours from now"}, "tsa": 1}
{"condition": "noise_snr10", "prompt_variant": "primary", "slurp_id": 9136, "gold_intent": "calendar_query", "gold_sentence": "any meeting on friday", "transcription": "Any meeting on?", "asr_model": "mlx-community/whisper-large-v3-turbo", "wer": null, "predicted_intent_raw": "calendar_query", "predicted_intent": "calendar_query", "predicted_parameters": {}, "tsa": 1}
{"condition": "noise_snr10", "prompt_variant": "primary", "slurp_id": 8272, "gold_intent": "calendar_set", "gold_sentence": "add my upcoming meeting to my calendar", "transcription": "Add my upcoming meeting to my calendar.", "asr_model": "mlx-community/whisper-large-v3-turbo", "wer": null, "predicted_intent_raw": "calendar_set", "predicted_intent": "calendar_set", "predicted_parameters": {}, "tsa": 1}
{"condition": "noise_snr10", "prompt_variant": "primary", "slurp_id": 10973, "gold_intent": "lists_createoradd", "gold_sentence": "create a new list for school supplies", "transcription": "Create a new list for school supplies.", "asr_model": "mlx-community/whisper-large-v3-turbo", "wer": null, "predicted_intent_raw": "lists_createoradd", "predicted_intent": "lists_createoradd", "predicted_parameters": {"list_name": "school supplies"}, "tsa": 1}
{"condition": "noise_snr10", "prompt_variant": "primary", "slurp_id": 4853, "gold_intent": "alarm_set", "gold_sentence": "please set my alarm", "transcription": "Please set my alarm.", "asr_model": "mlx-community/whisper-large-v3-turbo", "wer": null, "predicted_intent_raw": "alarm_set", "predicted_intent": "alarm_set", "predicted_parameters": {}, "tsa": 1}
{"condition": "noise_snr10", "prompt_variant": "primary", "slurp_id": 10754, "gold_intent": "lists_query", "gold_sentence": "read back what i put on my to do list for this week", "transcription": "read back what I put on my to-do list for this week.", "asr_model": "mlx-community/whisper-large-v3-turbo", "wer": null, "predicted_intent_raw": "lists_query", "predicted_intent": "lists_query", "predicted_parameters": {"list_name": "to-do"}, "tsa": 1}
{"condition": "noise_snr10", "prompt_variant": "primary", "slurp_id": 6751, "gold_intent": "calendar_query", "gold_sentence": "when is my next meeting", "transcription": "my next meeting", "asr_model": "mlx-community/whisper-large-v3-turbo", "wer": null, "predicted_intent_raw": "calendar_query", "predicted_intent": "calendar_query", "predicted_parameters": {}, "tsa": 1}
{"condition": "noise_snr10", "prompt_variant": "primary", "slurp_id": 10806, "gold_intent": "lists_query", "gold_sentence": "will you please show me my lists", "transcription": "Will you please show me my lists?", "asr_model": "mlx-community/whisper-large-v3-turbo", "wer": null, "predicted_intent_raw": "lists_query", "predicted_intent": "lists_query", "predicted_parameters": {}, "tsa": 1}
{"condition": "noise_snr10", "prompt_variant": "primary", "slurp_id": 6827, "gold_intent": "calendar_query", "gold_sentence": "have you added a meeting with tom tomorrow at nine pm", "transcription": "You added a meeting with Tom tomorrow at 9.00 a.m.", "asr_model": "mlx-community/whisper-large-v3-turbo", "wer": null, "predicted_intent_raw": "calendar_set", "predicted_intent": "calendar_set", "predicted_parameters": {"person": "Tom", "date": "tomorrow", "time": "9:00 AM"}, "tsa": 0}
{"condition": "noise_snr10", "prompt_variant": "primary", "slurp_id": 8873, "gold_intent": "calendar_set", "gold_sentence": "remember dinner on thursday at bistro italia", "transcription": "Remember dinner on Thursday at Bistro Italia.", "asr_model": "mlx-community/whisper-large-v3-turbo", "wer": null, "predicted_intent_raw": "calendar_set", "predicted_intent": "calendar_set", "predicted_parameters": {"event_name": "dinner", "date": "Thursday", "location": "Bistro Italia"}, "tsa": 1}
{"condition": "noise_snr10", "prompt_variant": "primary", "slurp_id": 11160, "gold_intent": "lists_remove", "gold_sentence": "i don't want eggs", "transcription": "I didn't want that.", "asr_model": "mlx-community/whisper-large-v3-turbo", "wer": null, "predicted_intent_raw": "unknown", "predicted_intent": "unknown", "predicted_parameters": {}, "tsa": 0}
{"condition": "noise_snr10", "prompt_variant": "primary", "slurp_id": 7753, "gold_intent": "calendar_query", "gold_sentence": "what do i have to do on monday", "transcription": "I have to do a Monday.", "asr_model": "mlx-community/whisper-large-v3-turbo", "wer": null, "predicted_intent_raw": "unknown", "predicted_intent": "unknown", "predicted_parameters": {}, "tsa": 0}
{"condition": "noise_snr10", "prompt_variant": "primary", "slurp_id": 10666, "gold_intent": "lists_query", "gold_sentence": "read the list", "transcription": "Wait till it.", "asr_model": "mlx-community/whisper-large-v3-turbo", "wer": null, "predicted_intent_raw": "unknown", "predicted_intent": "unknown", "predicted_parameters": {}, "tsa": 0}
{"condition": "noise_snr10", "prompt_variant": "primary", "slurp_id": 10741, "gold_intent": "lists_createoradd", "gold_sentence": "add something to my list", "transcription": "This is my list.", "asr_model": "mlx-community/whisper-large-v3-turbo", "wer": null, "predicted_intent_raw": "lists_query", "predicted_intent": "lists_query", "predicted_parameters": {}, "tsa": 0}
{"condition": "noise_snr10", "prompt_variant": "primary", "slurp_id": 8146, "gold_intent": "calendar_remove", "gold_sentence": "cancel my meeting on the fourteenth", "transcription": "Cancel my meeting on the 14th.", "asr_model": "mlx-community/whisper-large-v3-turbo", "wer": null, "predicted_intent_raw": "calendar_remove", "predicted_intent": "calendar_remove", "predicted_parameters": {"date": "14th"}, "tsa": 1}
{"condition": "noise_snr10", "prompt_variant": "primary", "slurp_id": 8802, "gold_intent": "calendar_set", "gold_sentence": "please remind me of", "transcription": "Please remind me of...", "asr_model": "mlx-community/whisper-large-v3-turbo", "wer": null, "predicted_intent_raw": "unknown", "predicted_intent": "unknown", "predicted_parameters": {}, "tsa": 0}
{"condition": "noise_snr10", "prompt_variant": "primary", "slurp_id": 10901, "gold_intent": "lists_createoradd", "gold_sentence": "create a new list of", "transcription": "Great new list of", "asr_model": "mlx-community/whisper-large-v3-turbo", "wer": null, "predicted_intent_raw": "lists_createoradd", "predicted_intent": "lists_createoradd", "predicted_parameters": {}, "tsa": 1}
{"condition": "noise_snr10", "prompt_variant": "primary", "slurp_id": 7852, "gold_intent": "calendar_set", "gold_sentence": "add event baseball practice five pm tonight", "transcription": "At event, baseball practice, 5pm tonight.", "asr_model": "mlx-community/whisper-large-v3-turbo", "wer": null, "predicted_intent_raw": "calendar_set", "predicted_intent": "calendar_set", "predicted_parameters": {"event_name": "baseball practice", "time": "5:00 PM"}, "tsa": 1}
{"condition": "noise_snr10", "prompt_variant": "primary", "slurp_id": 10883, "gold_intent": "lists_remove", "gold_sentence": "please tell me how can i remove the item", "transcription": "Please tell me how can you remove the item?", "asr_model": "mlx-community/whisper-large-v3-turbo", "wer": null, "predicted_intent_raw": "unknown", "predicted_intent": "unknown", "predicted_parameters": {}, "tsa": 0}
{"condition": "noise_snr10", "prompt_variant": "primary", "slurp_id": 7174, "gold_intent": "calendar_remove", "gold_sentence": "cancel", "transcription": "Cancel.", "asr_model": "mlx-community/whisper-large-v3-turbo", "wer": null, "predicted_intent_raw": "unknown", "predicted_intent": "unknown", "predicted_parameters": {}, "tsa": 0}
{"condition": "noise_snr10", "prompt_variant": "primary", "slurp_id": 10521, "gold_intent": "lists_remove", "gold_sentence": "erase my old english songs list", "transcription": "Here is my Old English songs list.", "asr_model": "mlx-community/whisper-large-v3-turbo", "wer": null, "predicted_intent_raw": "lists_query", "predicted_intent": "lists_query", "predicted_parameters": {"list_name": "Old English songs"}, "tsa": 0}
{"condition": "noise_snr10", "prompt_variant": "primary", "slurp_id": 7631, "gold_intent": "calendar_set", "gold_sentence": "set twelve noon prayer for every friday", "transcription": "Step 12 noon prayer for every Friday", "asr_model": "mlx-community/whisper-large-v3-turbo", "wer": null, "predicted_intent_raw": "alarm_set", "predicted_intent": "alarm_set", "predicted_parameters": {"time": "12:00 PM", "event_name": "Friday noon prayer"}, "tsa": 0}
{"condition": "noise_snr10", "prompt_variant": "primary", "slurp_id": 10648, "gold_intent": "lists_createoradd", "gold_sentence": "add grocery to list", "transcription": "Add grocery to list.", "asr_model": "mlx-community/whisper-large-v3-turbo", "wer": null, "predicted_intent_raw": "lists_createoradd", "predicted_intent": "lists_createoradd", "predicted_parameters": {"item_name": "grocery"}, "tsa": 1}
{"condition": "noise_snr10", "prompt_variant": "primary", "slurp_id": 2720, "gold_intent": "alarm_set", "gold_sentence": "set an alarm for five thirty", "transcription": "Set an alarm for 5.30", "asr_model": "mlx-community/whisper-large-v3-turbo", "wer": null, "predicted_intent_raw": "alarm_set", "predicted_intent": "alarm_set", "predicted_parameters": {"time": "5:30"}, "tsa": 1}
{"condition": "noise_snr10", "prompt_variant": "primary", "slurp_id": 7445, "gold_intent": "calendar_set", "gold_sentence": "please create an event with only these people", "transcription": "create an event with only these people.", "asr_model": "mlx-community/whisper-large-v3-turbo", "wer": null, "predicted_intent_raw": "calendar_set", "predicted_intent": "calendar_set", "predicted_parameters": {"person": "only these people"}, "tsa": 1}
{"condition": "noise_snr10", "prompt_variant": "primary", "slurp_id": 3463, "gold_intent": "alarm_set", "gold_sentence": "i would like a wake up alarm at seven am tomorrow", "transcription": "I would like to wake up alarm at 7am", "asr_model": "mlx-community/whisper-large-v3-turbo", "wer": null, "predicted_intent_raw": "alarm_set", "predicted_intent": "alarm_set", "predicted_parameters": {"time": "7:00 AM"}, "tsa": 1}
{"condition": "noise_snr10", "prompt_variant": "primary", "slurp_id": 8258, "gold_intent": "calendar_query", "gold_sentence": "more about the concert in st pete", "transcription": "more about the concert in St. Keith.", "asr_model": "mlx-community/whisper-large-v3-turbo", "wer": null, "predicted_intent_raw": "unknown", "predicted_intent": "unknown", "predicted_parameters": {}, "tsa": 0}
{"condition": "noise_snr10", "prompt_variant": "primary", "slurp_id": 8655, "gold_intent": "calendar_set", "gold_sentence": "add an event starting at three pm in goshen new york on may fifth for dan's graduation", "transcription": "At an event starting at 3 p.m. in Boston, New York on May 5th for dance graduation.", "asr_model": "mlx-community/whisper-large-v3-turbo", "wer": null, "predicted_intent_raw": "calendar_set", "predicted_intent": "calendar_set", "predicted_parameters": {"time": "3:00 PM", "event_name": "dance graduation", "date": "May 5th"}, "tsa": 1}
{"condition": "noise_snr10", "prompt_variant": "primary", "slurp_id": 8152, "gold_intent": "calendar_query", "gold_sentence": "give me information about the concert on tuesday night", "transcription": "Give me information about the concert on Tuesday night.", "asr_model": "mlx-community/whisper-large-v3-turbo", "wer": null, "predicted_intent_raw": "calendar_query", "predicted_intent": "calendar_query", "predicted_parameters": {"date": "Tuesday night"}, "tsa": 1}
{"condition": "noise_snr10", "prompt_variant": "primary", "slurp_id": 10728, "gold_intent": "lists_query", "gold_sentence": "display available lists", "transcription": "Play Available Lift.", "asr_model": "mlx-community/whisper-large-v3-turbo", "wer": null, "predicted_intent_raw": "unknown", "predicted_intent": "unknown", "predicted_parameters": {}, "tsa": 0}
{"condition": "noise_snr10", "prompt_variant": "primary", "slurp_id": 10925, "gold_intent": "lists_createoradd", "gold_sentence": "create a new list of my pending bills", "transcription": "New... New... New... New lease for my pending bill.", "asr_model": "mlx-community/whisper-large-v3-turbo", "wer": null, "predicted_intent_raw": "unknown", "predicted_intent": "unknown", "predicted_parameters": {}, "tsa": 0}
{"condition": "noise_snr10", "prompt_variant": "primary", "slurp_id": 7101, "gold_intent": "calendar_set", "gold_sentence": "let me know the morning of my doctor appointment on the twelfth", "transcription": "Let me know the morning of my daughter's appointment on the 12th.", "asr_model": "mlx-community/whisper-large-v3-turbo", "wer": null, "predicted_intent_raw": "calendar_query", "predicted_intent": "calendar_query", "predicted_parameters": {"date": "12th"}, "tsa": 0}
{"condition": "noise_snr10", "prompt_variant": "primary", "slurp_id": 11022, "gold_intent": "lists_remove", "gold_sentence": "we're out of paint so take bathroom painting off the list", "transcription": "We are out of paint, so take bottom printing off the list.", "asr_model": "mlx-community/whisper-large-v3-turbo", "wer": null, "predicted_intent_raw": "lists_remove", "predicted_intent": "lists_remove", "predicted_parameters": {"item_name": "bottom printing"}, "tsa": 1}
{"condition": "noise_snr10", "prompt_variant": "primary", "slurp_id": 7309, "gold_intent": "calendar_query", "gold_sentence": "what is my first appointment today", "transcription": "What is my first appointment day?", "asr_model": "mlx-community/whisper-large-v3-turbo", "wer": null, "predicted_intent_raw": "calendar_query", "predicted_intent": "calendar_query", "predicted_parameters": {"date": "first appointment day"}, "tsa": 1}
{"condition": "noise_snr10", "prompt_variant": "primary", "slurp_id": 8848, "gold_intent": "calendar_set", "gold_sentence": "please tell me to take my umbrella because it will be very hot today", "transcription": "Please tell me to take my umbrella because it will be very hot today.", "asr_model": "mlx-community/whisper-large-v3-turbo", "wer": null, "predicted_intent_raw": "unknown", "predicted_intent": "unknown", "predicted_parameters": {}, "tsa": 0}
{"condition": "noise_snr10", "prompt_variant": "primary", "slurp_id": 4318, "gold_intent": "alarm_set", "gold_sentence": "wake me up at ten", "transcription": "Look me up at 10", "asr_model": "mlx-community/whisper-large-v3-turbo", "wer": null, "predicted_intent_raw": "unknown", "predicted_intent": "unknown", "predicted_parameters": {}, "tsa": 0}
{"condition": "noise_snr10", "prompt_variant": "primary", "slurp_id": 7112, "gold_intent": "calendar_query", "gold_sentence": "when is that meeting with my boss next week", "transcription": "That meeting with my boss next week.", "asr_model": "mlx-community/whisper-large-v3-turbo", "wer": null, "predicted_intent_raw": "calendar_query", "predicted_intent": "calendar_query", "predicted_parameters": {"date": "next week"}, "tsa": 1}
{"condition": "noise_snr10", "prompt_variant": "primary", "slurp_id": 8385, "gold_intent": "calendar_query", "gold_sentence": "is this week a payday week", "transcription": "Is this week a payday week?", "asr_model": "mlx-community/whisper-large-v3-turbo", "wer": null, "predicted_intent_raw": "calendar_query", "predicted_intent": "calendar_query", "predicted_parameters": {"date": "this week"}, "tsa": 1}
{"condition": "noise_snr10", "prompt_variant": "primary", "slurp_id": 8863, "gold_intent": "calendar_remove", "gold_sentence": "please delete all reminder of sunday", "transcription": "Please delete all reminders of Sunday.", "asr_model": "mlx-community/whisper-large-v3-turbo", "wer": null, "predicted_intent_raw": "alarm_remove", "predicted_intent": "alarm_remove", "predicted_parameters": {"date": "Sunday"}, "tsa": 0}
{"condition": "noise_snr10", "prompt_variant": "primary", "slurp_id": 8729, "gold_intent": "calendar_set", "gold_sentence": "set a weekly appointment reminder", "transcription": "Set a weekly appointment reminder.", "asr_model": "mlx-community/whisper-large-v3-turbo", "wer": null, "predicted_intent_raw": "calendar_set", "predicted_intent": "calendar_set", "predicted_parameters": {}, "tsa": 1}
{"condition": "noise_snr10", "prompt_variant": "primary", "slurp_id": 7104, "gold_intent": "calendar_set", "gold_sentence": "make a calendar entry for brunch on saturday morning with chris kimberly and aaronson", "transcription": "Make a calendar entry for brunch on Saturday morning with Chris, Kimberly and Aaron", "asr_model": "mlx-community/whisper-large-v3-turbo", "wer": null, "predicted_intent_raw": "calendar_set", "predicted_intent": "calendar_set", "predicted_parameters": {"event_name": "brunch", "date": "Saturday", "time": "morning", "person": "Chris, Kimberly and Aaron"}, "tsa": 1}
{"condition": "noise_snr10", "prompt_variant": "primary", "slurp_id": 7065, "gold_intent": "calendar_query", "gold_sentence": "what events are in my calendar for today", "transcription": "What events are in my calendar for today?", "asr_model": "mlx-community/whisper-large-v3-turbo", "wer": null, "predicted_intent_raw": "calendar_query", "predicted_intent": "calendar_query", "predicted_parameters": {"date": "today"}, "tsa": 1}
{"condition": "noise_snr10", "prompt_variant": "primary", "slurp_id": 9013, "gold_intent": "calendar_set", "gold_sentence": "remind me on fifth april there is a meeting with boss", "transcription": "Remind me, on 5th April there is a meeting with boss.", "asr_model": "mlx-community/whisper-large-v3-turbo", "wer": null, "predicted_intent_raw": "calendar_set", "predicted_intent": "calendar_set", "predicted_parameters": {"date": "5th April", "event_name": "meeting with boss"}, "tsa": 1}
{"condition": "noise_snr10", "prompt_variant": "primary", "slurp_id": 3151, "gold_intent": "alarm_remove", "gold_sentence": "remove my early alarms", "transcription": "Remove my early alarm.", "asr_model": "mlx-community/whisper-large-v3-turbo", "wer": null, "predicted_intent_raw": "alarm_remove", "predicted_intent": "alarm_remove", "predicted_parameters": {}, "tsa": 1}
{"condition": "noise_snr10", "prompt_variant": "primary", "slurp_id": 601, "gold_intent": "alarm_set", "gold_sentence": "start alarm", "transcription": "to alarm.", "asr_model": "mlx-community/whisper-large-v3-turbo", "wer": null, "predicted_intent_raw": "alarm_query", "predicted_intent": "alarm_query", "predicted_parameters": {}, "tsa": 0}
{"condition": "noise_snr10", "prompt_variant": "primary", "slurp_id": 7517, "gold_intent": "calendar_set", "gold_sentence": "schedule a meeting on tuesday", "transcription": "Schedule meeting on secure space.", "asr_model": "mlx-community/whisper-large-v3-turbo", "wer": null, "predicted_intent_raw": "calendar_set", "predicted_intent": "calendar_set", "predicted_parameters": {"event_name": "secure space"}, "tsa": 1}
{"condition": "noise_snr10", "prompt_variant": "primary", "slurp_id": 10886, "gold_intent": "lists_query", "gold_sentence": "can i check my lists", "transcription": "Can I check my lists?", "asr_model": "mlx-community/whisper-large-v3-turbo", "wer": null, "predicted_intent_raw": "lists_query", "predicted_intent": "lists_query", "predicted_parameters": {}, "tsa": 1}
{"condition": "noise_snr10", "prompt_variant": "primary", "slurp_id": 7007, "gold_intent": "calendar_set", "gold_sentence": "set an appointment for allen on tomorrow", "transcription": "Set an appointment for Alan tomorrow", "asr_model": "mlx-community/whisper-large-v3-turbo", "wer": null, "predicted_intent_raw": "calendar_set", "predicted_intent": "calendar_set", "predicted_parameters": {"person": "Alan", "date": "tomorrow"}, "tsa": 1}
{"condition": "noise_snr10", "prompt_variant": "primary", "slurp_id": 8834, "gold_intent": "calendar_remove", "gold_sentence": "remove all my meetings for the rest of the week", "transcription": "I've moved all my meetings for the rest of the week.", "asr_model": "mlx-community/whisper-large-v3-turbo", "wer": null, "predicted_intent_raw": "calendar_remove", "predicted_intent": "calendar_remove", "predicted_parameters": {"date": "rest of the week"}, "tsa": 1}
{"condition": "noise_snr10", "prompt_variant": "primary", "slurp_id": 538, "gold_intent": "alarm_set", "gold_sentence": "set an alarm for one pm", "transcription": "Set an alarm for one minute.", "asr_model": "mlx-community/whisper-large-v3-turbo", "wer": null, "predicted_intent_raw": "alarm_set", "predicted_intent": "alarm_set", "predicted_parameters": {"time": "1 minute"}, "tsa": 1}
{"condition": "noise_snr10", "prompt_variant": "primary", "slurp_id": 7351, "gold_intent": "calendar_set", "gold_sentence": "in the calendar put that we are having dinner with frank at eight pm on the ninth of august", "transcription": "In the calendar, put that we are having dinner with Frank at 8pm on the 9th of August.", "asr_model": "mlx-community/whisper-large-v3-turbo", "wer": null, "predicted_intent_raw": "calendar_set", "predicted_intent": "calendar_set", "predicted_parameters": {"event_name": "dinner with Frank", "time": "8:00 PM", "date": "9th of August"}, "tsa": 1}
{"condition": "noise_snr10", "prompt_variant": "primary", "slurp_id": 8046, "gold_intent": "calendar_query", "gold_sentence": "how many meetings do i have next week", "transcription": "How many meetings do I have next week?", "asr_model": "mlx-community/whisper-large-v3-turbo", "wer": null, "predicted_intent_raw": "calendar_query", "predicted_intent": "calendar_query", "predicted_parameters": {"date": "next week"}, "tsa": 1}
{"condition": "noise_snr10", "prompt_variant": "primary", "slurp_id": 6881, "gold_intent": "calendar_query", "gold_sentence": "when is the next appointment on my calendar", "transcription": "When is the next appointment on my calendar?", "asr_model": "mlx-community/whisper-large-v3-turbo", "wer": null, "predicted_intent_raw": "calendar_query", "predicted_intent": "calendar_query", "predicted_parameters": {}, "tsa": 1}
{"condition": "noise_snr10", "prompt_variant": "primary", "slurp_id": 11047, "gold_intent": "lists_remove", "gold_sentence": "remove last played song", "transcription": "Last played solo.", "asr_model": "mlx-community/whisper-large-v3-turbo", "wer": null, "predicted_intent_raw": "unknown", "predicted_intent": "unknown", "predicted_parameters": {}, "tsa": 0}
{"condition": "noise_snr10", "prompt_variant": "primary", "slurp_id": 8859, "gold_intent": "calendar_query", "gold_sentence": "what is my schedule for june fourteenth two thousand and seventeen", "transcription": "What is my schedule for June 14, 2017?", "asr_model": "mlx-community/whisper-large-v3-turbo", "wer": null, "predicted_intent_raw": "calendar_query", "predicted_intent": "calendar_query", "predicted_parameters": {"date": "June 14, 2017"}, "tsa": 1}
{"condition": "noise_snr10", "prompt_variant": "primary", "slurp_id": 937, "gold_intent": "alarm_remove", "gold_sentence": "phones", "transcription": "Close.", "asr_model": "mlx-community/whisper-large-v3-turbo", "wer": null, "predicted_intent_raw": "unknown", "predicted_intent": "unknown", "predicted_parameters": {}, "tsa": 0}
{"condition": "noise_snr10", "prompt_variant": "primary", "slurp_id": 8270, "gold_intent": "calendar_set", "gold_sentence": "notification of meeting on wednesday", "transcription": "notification at the meeting on Wednesday", "asr_model": "mlx-community/whisper-large-v3-turbo", "wer": null, "predicted_intent_raw": "unknown", "predicted_intent": "unknown", "predicted_parameters": {}, "tsa": 0}
{"condition": "noise_snr10", "prompt_variant": "primary", "slurp_id": 10746, "gold_intent": "lists_remove", "gold_sentence": "remove that item from my list", "transcription": "Remove that item from my lips.", "asr_model": "mlx-community/whisper-large-v3-turbo", "wer": null, "predicted_intent_raw": "lists_remove", "predicted_intent": "lists_remove", "predicted_parameters": {"item_name": "lips"}, "tsa": 1}
{"condition": "noise_snr10", "prompt_variant": "primary", "slurp_id": 10450, "gold_intent": "lists_query", "gold_sentence": "what is on my shopping list today", "transcription": "where they sell my shopping list today", "asr_model": "mlx-community/whisper-large-v3-turbo", "wer": null, "predicted_intent_raw": "lists_query", "predicted_intent": "lists_query", "predicted_parameters": {"list_name": "shopping"}, "tsa": 1}
{"condition": "noise_snr10", "prompt_variant": "primary", "slurp_id": 8208, "gold_intent": "calendar_query", "gold_sentence": "what time is the evening meeting i have with john", "transcription": "What time is the evening meeting I had with John?", "asr_model": "mlx-community/whisper-large-v3-turbo", "wer": null, "predicted_intent_raw": "calendar_query", "predicted_intent": "calendar_query", "predicted_parameters": {"event_name": "evening meeting", "person": "John"}, "tsa": 1}
{"condition": "noise_snr10", "prompt_variant": "primary", "slurp_id": 11041, "gold_intent": "lists_createoradd", "gold_sentence": "remind me to order more soap", "transcription": "Remind me to order some soap.", "asr_model": "mlx-community/whisper-large-v3-turbo", "wer": null, "predicted_intent_raw": "alarm_set", "predicted_intent": "alarm_set", "predicted_parameters": {}, "tsa": 0}
{"condition": "noise_snr10", "prompt_variant": "primary", "slurp_id": 10532, "gold_intent": "lists_query", "gold_sentence": "what were the last five lists i made", "transcription": "Oh my love partner", "asr_model": "mlx-community/whisper-large-v3-turbo", "wer": null, "predicted_intent_raw": "unknown", "predicted_intent": "unknown", "predicted_parameters": {}, "tsa": 0}
{"condition": "noise_snr10", "prompt_variant": "primary", "slurp_id": 9040, "gold_intent": "calendar_remove", "gold_sentence": "make blank on july three calendar", "transcription": "Make blank on July 3rd calendar.", "asr_model": "mlx-community/whisper-large-v3-turbo", "wer": null, "predicted_intent_raw": "calendar_remove", "predicted_intent": "calendar_remove", "predicted_parameters": {"date": "July 3rd"}, "tsa": 1}
{"condition": "noise_snr10", "prompt_variant": "primary", "slurp_id": 9144, "gold_intent": "calendar_set", "gold_sentence": "remind me that i have an appointment twelve o clock on saturday", "transcription": "Remind me that I have an appointment 12 o'clock on Saturday.", "asr_model": "mlx-community/whisper-large-v3-turbo", "wer": null, "predicted_intent_raw": "alarm_set", "predicted_intent": "alarm_set", "predicted_parameters": {"time": "Saturday at 12:00 PM", "event_name": "appointment"}, "tsa": 0}
{"condition": "noise_snr10", "prompt_variant": "primary", "slurp_id": 7747, "gold_intent": "calendar_remove", "gold_sentence": "remove all data from my calendar", "transcription": "I've all dated for my calendar.", "asr_model": "mlx-community/whisper-large-v3-turbo", "wer": null, "predicted_intent_raw": "calendar_remove", "predicted_intent": "calendar_remove", "predicted_parameters": {}, "tsa": 1}
{"condition": "noise_snr10", "prompt_variant": "primary", "slurp_id": 7474, "gold_intent": "calendar_set", "gold_sentence": "remember to fix a meeting between me and the players tomorrow evening by seven", "transcription": "I'm going to fix the meeting between me and the players tomorrow evening by 7pm.", "asr_model": "mlx-community/whisper-large-v3-turbo", "wer": null, "predicted_intent_raw": "calendar_set", "predicted_intent": "calendar_set", "predicted_parameters": {"time": "7:00 PM", "date": "tomorrow", "event_name": "meeting", "person": "players"}, "tsa": 1}
{"condition": "noise_snr10", "prompt_variant": "primary", "slurp_id": 6760, "gold_intent": "calendar_remove", "gold_sentence": "cancel my five pm daily call", "transcription": "cancel my 5 p.m. daily call", "asr_model": "mlx-community/whisper-large-v3-turbo", "wer": null, "predicted_intent_raw": "calendar_remove", "predicted_intent": "calendar_remove", "predicted_parameters": {"time": "5:00 PM", "event_name": "daily call"}, "tsa": 1}
{"condition": "noise_snr10", "prompt_variant": "primary", "slurp_id": 7846, "gold_intent": "calendar_query", "gold_sentence": "what reminders are coming up this week", "transcription": "What reminders are coming up for this year?", "asr_model": "mlx-community/whisper-large-v3-turbo", "wer": null, "predicted_intent_raw": "alarm_query", "predicted_intent": "alarm_query", "predicted_parameters": {"time": "this year"}, "tsa": 0}
{"condition": "noise_snr10", "prompt_variant": "primary", "slurp_id": 7653, "gold_intent": "calendar_set", "gold_sentence": "don't forget to remind me of my brother's birthday on april twenty", "transcription": "Don't forget to remind me of my brother's birthday on April 20th.", "asr_model": "mlx-community/whisper-large-v3-turbo", "wer": null, "predicted_intent_raw": "alarm_set", "predicted_intent": "alarm_set", "predicted_parameters": {"time": "April 20th", "person": "brother"}, "tsa": 0}
{"condition": "noise_snr10", "prompt_variant": "primary", "slurp_id": 7131, "gold_intent": "calendar_remove", "gold_sentence": "delete the wedding on the tenth from my calendar", "transcription": "Delete the wedding on the 10th from my calendar.", "asr_model": "mlx-community/whisper-large-v3-turbo", "wer": null, "predicted_intent_raw": "calendar_remove", "predicted_intent": "calendar_remove", "predicted_parameters": {"event_name": "wedding", "date": "10th"}, "tsa": 1}
{"condition": "noise_snr10", "prompt_variant": "primary", "slurp_id": 8047, "gold_intent": "calendar_set", "gold_sentence": "on february fourteenth make dinner reservations at the restaurant", "transcription": "for games made dinner reservations at the restaurant.", "asr_model": "mlx-community/whisper-large-v3-turbo", "wer": null, "predicted_intent_raw": "calendar_set", "predicted_intent": "calendar_set", "predicted_parameters": {"event_name": "dinner reservations at the restaurant"}, "tsa": 1}
{"condition": "noise_snr10", "prompt_variant": "primary", "slurp_id": 8938, "gold_intent": "calendar_set", "gold_sentence": "john marriage anniversary", "transcription": "Paris Anniversary", "asr_model": "mlx-community/whisper-large-v3-turbo", "wer": null, "predicted_intent_raw": "unknown", "predicted_intent": "unknown", "predicted_parameters": {}, "tsa": 0}
{"condition": "noise_snr10", "prompt_variant": "primary", "slurp_id": 7688, "gold_intent": "calendar_query", "gold_sentence": "do i have any reminders pending", "transcription": "I have any reminders pending.", "asr_model": "mlx-community/whisper-large-v3-turbo", "wer": null, "predicted_intent_raw": "alarm_query", "predicted_intent": "alarm_query", "predicted_parameters": {}, "tsa": 0}
{"condition": "noise_snr10", "prompt_variant": "primary", "slurp_id": 8668, "gold_intent": "calendar_query", "gold_sentence": "in the last year how many hours have i been in meetings", "transcription": "In the last year, how many hours have I been in meetings?", "asr_model": "mlx-community/whisper-large-v3-turbo", "wer": null, "predicted_intent_raw": "unknown", "predicted_intent": "unknown", "predicted_parameters": {}, "tsa": 0}
{"condition": "noise_snr10", "prompt_variant": "primary", "slurp_id": 4317, "gold_intent": "alarm_set", "gold_sentence": "set an alarm for ten o'clock tomorrow morning", "transcription": "Set on alarm for 10 o'clock tomorrow morning.", "asr_model": "mlx-community/whisper-large-v3-turbo", "wer": null, "predicted_intent_raw": "alarm_set", "predicted_intent": "alarm_set", "predicted_parameters": {"time": "10:00 AM tomorrow"}, "tsa": 1}
{"condition": "noise_snr10", "prompt_variant": "primary", "slurp_id": 9008, "gold_intent": "calendar_remove", "gold_sentence": "remove birthday event from my calendar", "transcription": "move what they went from my calendar", "asr_model": "mlx-community/whisper-large-v3-turbo", "wer": null, "predicted_intent_raw": "calendar_remove", "predicted_intent": "calendar_remove", "predicted_parameters": {}, "tsa": 1}
{"condition": "noise_snr10", "prompt_variant": "primary", "slurp_id": 4198, "gold_intent": "alarm_remove", "gold_sentence": "remove the alarm set for four hundred am", "transcription": "Remove the alarm sets for 400 AM.", "asr_model": "mlx-community/whisper-large-v3-turbo", "wer": null, "predicted_intent_raw": "alarm_remove", "predicted_intent": "alarm_remove", "predicted_parameters": {"time": "4:00 AM"}, "tsa": 1}
{"condition": "noise_snr10", "prompt_variant": "primary", "slurp_id": 10629, "gold_intent": "lists_remove", "gold_sentence": "please remove this item from the list", "transcription": "Please remove this item from the list.", "asr_model": "mlx-community/whisper-large-v3-turbo", "wer": null, "predicted_intent_raw": "lists_remove", "predicted_intent": "lists_remove", "predicted_parameters": {}, "tsa": 1}
{"condition": "noise_snr10", "prompt_variant": "primary", "slurp_id": 6823, "gold_intent": "calendar_set", "gold_sentence": "olly i want to go to the outdoor movie screening this weekend remind me", "transcription": "I want to go to the outdoor movie screen this weekend. Remind me.", "asr_model": "mlx-community/whisper-large-v3-turbo", "wer": null, "predicted_intent_raw": "alarm_set", "predicted_intent": "alarm_set", "predicted_parameters": {"time": "this weekend", "event_name": "outdoor movie screen"}, "tsa": 0}
{"condition": "noise_snr10", "prompt_variant": "primary", "slurp_id": 10797, "gold_intent": "lists_createoradd", "gold_sentence": "please add milk to the grocery list", "transcription": "Please add milk to the grocery list.", "asr_model": "mlx-community/whisper-large-v3-turbo", "wer": null, "predicted_intent_raw": "lists_createoradd", "predicted_intent": "lists_createoradd", "predicted_parameters": {"item_name": "milk", "list_name": "grocery"}, "tsa": 1}
{"condition": "noise_snr10", "prompt_variant": "primary", "slurp_id": 9049, "gold_intent": "alarm_set", "gold_sentence": "set an alarm for four pm tuesday", "transcription": "Head on lawn for 4 p.m. Tuesday.", "asr_model": "mlx-community/whisper-large-v3-turbo", "wer": null, "predicted_intent_raw": "calendar_set", "predicted_intent": "calendar_set", "predicted_parameters": {"time": "4:00 PM", "date": "Tuesday", "event_name": "Head on lawn"}, "tsa": 0}
{"condition": "noise_snr10", "prompt_variant": "primary", "slurp_id": 10767, "gold_intent": "lists_query", "gold_sentence": "are eggs on my shopping list", "transcription": "or X on my shopping list", "asr_model": "mlx-community/whisper-large-v3-turbo", "wer": null, "predicted_intent_raw": "lists_remove", "predicted_intent": "lists_remove", "predicted_parameters": {"item_name": "X", "list_name": "shopping"}, "tsa": 0}
{"condition": "noise_snr10", "prompt_variant": "primary", "slurp_id": 7357, "gold_intent": "calendar_query", "gold_sentence": "what are the list of events in my calendar in march", "transcription": "What are the list of events in my calendar in March?", "asr_model": "mlx-community/whisper-large-v3-turbo", "wer": null, "predicted_intent_raw": "calendar_query", "predicted_intent": "calendar_query", "predicted_parameters": {"date": "March"}, "tsa": 1}
{"condition": "noise_snr10", "prompt_variant": "primary", "slurp_id": 7064, "gold_intent": "calendar_remove", "gold_sentence": "please delete all of my calendar events for the rest of the day", "transcription": "Please delete all of my Klimda events for the rest of the day.", "asr_model": "mlx-community/whisper-large-v3-turbo", "wer": null, "predicted_intent_raw": "calendar_remove", "predicted_intent": "calendar_remove", "predicted_parameters": {"event_name": "Klimda", "date": "today"}, "tsa": 1}
{"condition": "noise_snr10", "prompt_variant": "primary", "slurp_id": 10962, "gold_intent": "lists_remove", "gold_sentence": "i don't want this list any more", "transcription": "I don't want this list anymore.", "asr_model": "mlx-community/whisper-large-v3-turbo", "wer": null, "predicted_intent_raw": "lists_remove", "predicted_intent": "lists_remove", "predicted_parameters": {}, "tsa": 1}
{"condition": "noise_snr10", "prompt_variant": "primary", "slurp_id": 10468, "gold_intent": "lists_createoradd", "gold_sentence": "can you create a new list", "transcription": "Can you create a new list?", "asr_model": "mlx-community/whisper-large-v3-turbo", "wer": null, "predicted_intent_raw": "lists_createoradd", "predicted_intent": "lists_createoradd", "predicted_parameters": {}, "tsa": 1}
{"condition": "noise_snr10", "prompt_variant": "primary", "slurp_id": 10557, "gold_intent": "lists_query", "gold_sentence": "please show my list", "transcription": "Please show my list.", "asr_model": "mlx-community/whisper-large-v3-turbo", "wer": null, "predicted_intent_raw": "lists_query", "predicted_intent": "lists_query", "predicted_parameters": {}, "tsa": 1}
{"condition": "noise_snr10", "prompt_variant": "primary", "slurp_id": 4850, "gold_intent": "alarm_set", "gold_sentence": "set an alarm for five minutes from now", "transcription": "Set an alarm for 5 minutes from now.", "asr_model": "mlx-community/whisper-large-v3-turbo", "wer": null, "predicted_intent_raw": "alarm_set", "predicted_intent": "alarm_set", "predicted_parameters": {"time": "5 minutes from now"}, "tsa": 1}
{"condition": "noise_snr10", "prompt_variant": "primary", "slurp_id": 11076, "gold_intent": "lists_query", "gold_sentence": "what is that on the list", "transcription": "What is that on the list?", "asr_model": "mlx-community/whisper-large-v3-turbo", "wer": null, "predicted_intent_raw": "lists_query", "predicted_intent": "lists_query", "predicted_parameters": {}, "tsa": 1}
{"condition": "noise_snr10", "prompt_variant": "primary", "slurp_id": 10896, "gold_intent": "lists_remove", "gold_sentence": "remove item from my list", "transcription": "with item from my lift", "asr_model": "mlx-community/whisper-large-v3-turbo", "wer": null, "predicted_intent_raw": "lists_createoradd", "predicted_intent": "lists_createoradd", "predicted_parameters": {"item_name": "item", "list_name": "lift"}, "tsa": 0}
{"condition": "noise_snr10", "prompt_variant": "primary", "slurp_id": 5099, "gold_intent": "alarm_remove", "gold_sentence": "olly cancel alarms", "transcription": "Cancel alarm.", "asr_model": "mlx-community/whisper-large-v3-turbo", "wer": null, "predicted_intent_raw": "alarm_remove", "predicted_intent": "alarm_remove", "predicted_parameters": {}, "tsa": 1}
{"condition": "noise_snr10", "prompt_variant": "primary", "slurp_id": 8953, "gold_intent": "calendar_set", "gold_sentence": "let me know of the meeting on tuesday", "transcription": "Let me know of the reason we see", "asr_model": "mlx-community/whisper-large-v3-turbo", "wer": null, "predicted_intent_raw": "unknown", "predicted_intent": "unknown", "predicted_parameters": {}, "tsa": 0}
{"condition": "noise_snr10", "prompt_variant": "primary", "slurp_id": 4723, "gold_intent": "alarm_query", "gold_sentence": "list my different alarm", "transcription": "lift my different alarm.", "asr_model": "mlx-community/whisper-large-v3-turbo", "wer": null, "predicted_intent_raw": "alarm_remove", "predicted_intent": "alarm_remove", "predicted_parameters": {}, "tsa": 0}
{"condition": "noise_snr10", "prompt_variant": "primary", "slurp_id": 8609, "gold_intent": "calendar_set", "gold_sentence": "cancel my meeting with lisa on tuesday and reschedule it for thursday", "transcription": "My meeting with Lisa on Tuesday, I reschedule it for Thursday.", "asr_model": "mlx-community/whisper-large-v3-turbo", "wer": null, "predicted_intent_raw": "calendar_set", "predicted_intent": "calendar_set", "predicted_parameters": {"person": "Lisa", "date": "Thursday"}, "tsa": 1}
{"condition": "noise_snr10", "prompt_variant": "primary", "slurp_id": 232, "gold_intent": "alarm_set", "gold_sentence": "set an alarm at six in the morning", "transcription": "Set an alarm at 6 in the morning.", "asr_model": "mlx-community/whisper-large-v3-turbo", "wer": null, "predicted_intent_raw": "alarm_set", "predicted_intent": "alarm_set", "predicted_parameters": {"time": "6:00 AM"}, "tsa": 1}
{"condition": "noise_snr10", "prompt_variant": "primary", "slurp_id": 11065, "gold_intent": "lists_query", "gold_sentence": "hey olly what are my lists", "transcription": "Hey PDA, what are my lists?", "asr_model": "mlx-community/whisper-large-v3-turbo", "wer": null, "predicted_intent_raw": "lists_query", "predicted_intent": "lists_query", "predicted_parameters": {}, "tsa": 1}
{"condition": "noise_snr10", "prompt_variant": "primary", "slurp_id": 8594, "gold_intent": "calendar_set", "gold_sentence": "schedule an event in my calendar for the pool party at jack's place this saturday", "transcription": "schedule events in my calendar for the full party of just place is", "asr_model": "mlx-community/whisper-large-v3-turbo", "wer": null, "predicted_intent_raw": "calendar_set", "predicted_intent": "calendar_set", "predicted_parameters": {"event_name": "full party of just place"}, "tsa": 1}
{"condition": "noise_snr10", "prompt_variant": "primary", "slurp_id": 3956, "gold_intent": "alarm_set", "gold_sentence": "alert me in three hours", "transcription": "Only in three hours.", "asr_model": "mlx-community/whisper-large-v3-turbo", "wer": null, "predicted_intent_raw": "alarm_set", "predicted_intent": "alarm_set", "predicted_parameters": {"time": "3:00 PM"}, "tsa": 1}
{"condition": "noise_snr10", "prompt_variant": "primary", "slurp_id": 8063, "gold_intent": "calendar_query", "gold_sentence": "when is my next reminder", "transcription": "When is my next reminder?", "asr_model": "mlx-community/whisper-large-v3-turbo", "wer": null, "predicted_intent_raw": "alarm_query", "predicted_intent": "alarm_query", "predicted_parameters": {}, "tsa": 0}
{"condition": "noise_snr10", "prompt_variant": "primary", "slurp_id": 11045, "gold_intent": "lists_query", "gold_sentence": "open my list", "transcription": "the mallet", "asr_model": "mlx-community/whisper-large-v3-turbo", "wer": null, "predicted_intent_raw": "unknown", "predicted_intent": "unknown", "predicted_parameters": {}, "tsa": 0}
{"condition": "noise_snr10", "prompt_variant": "minimal", "slurp_id": 7043, "gold_intent": "alarm_set", "gold_sentence": "set an alarm for two hours from now please", "transcription": "Set an alarm for 2 hours from now please.", "asr_model": "mlx-community/whisper-large-v3-turbo", "wer": null, "predicted_intent_raw": "alarm_set", "predicted_intent": "alarm_set", "predicted_parameters": {"time": "2 hours from now"}, "tsa": 1}
{"condition": "noise_snr10", "prompt_variant": "minimal", "slurp_id": 9136, "gold_intent": "calendar_query", "gold_sentence": "any meeting on friday", "transcription": "Any meeting on?", "asr_model": "mlx-community/whisper-large-v3-turbo", "wer": null, "predicted_intent_raw": "calendar_query", "predicted_intent": "calendar_query", "predicted_parameters": {}, "tsa": 1}
{"condition": "noise_snr10", "prompt_variant": "minimal", "slurp_id": 8272, "gold_intent": "calendar_set", "gold_sentence": "add my upcoming meeting to my calendar", "transcription": "Add my upcoming meeting to my calendar.", "asr_model": "mlx-community/whisper-large-v3-turbo", "wer": null, "predicted_intent_raw": "calendar_set", "predicted_intent": "calendar_set", "predicted_parameters": {}, "tsa": 1}
{"condition": "noise_snr10", "prompt_variant": "minimal", "slurp_id": 10973, "gold_intent": "lists_createoradd", "gold_sentence": "create a new list for school supplies", "transcription": "Create a new list for school supplies.", "asr_model": "mlx-community/whisper-large-v3-turbo", "wer": null, "predicted_intent_raw": "lists_createoradd", "predicted_intent": "lists_createoradd", "predicted_parameters": {"name": "school supplies"}, "tsa": 1}
{"condition": "noise_snr10", "prompt_variant": "minimal", "slurp_id": 4853, "gold_intent": "alarm_set", "gold_sentence": "please set my alarm", "transcription": "Please set my alarm.", "asr_model": "mlx-community/whisper-large-v3-turbo", "wer": null, "predicted_intent_raw": "alarm_set", "predicted_intent": "alarm_set", "predicted_parameters": {}, "tsa": 1}
{"condition": "noise_snr10", "prompt_variant": "minimal", "slurp_id": 10754, "gold_intent": "lists_query", "gold_sentence": "read back what i put on my to do list for this week", "transcription": "read back what I put on my to-do list for this week.", "asr_model": "mlx-community/whisper-large-v3-turbo", "wer": null, "predicted_intent_raw": "lists_query", "predicted_intent": "lists_query", "predicted_parameters": {}, "tsa": 1}
{"condition": "noise_snr10", "prompt_variant": "minimal", "slurp_id": 6751, "gold_intent": "calendar_query", "gold_sentence": "when is my next meeting", "transcription": "my next meeting", "asr_model": "mlx-community/whisper-large-v3-turbo", "wer": null, "predicted_intent_raw": "calendar_query", "predicted_intent": "calendar_query", "predicted_parameters": {}, "tsa": 1}
{"condition": "noise_snr10", "prompt_variant": "minimal", "slurp_id": 10806, "gold_intent": "lists_query", "gold_sentence": "will you please show me my lists", "transcription": "Will you please show me my lists?", "asr_model": "mlx-community/whisper-large-v3-turbo", "wer": null, "predicted_intent_raw": "lists_query", "predicted_intent": "lists_query", "predicted_parameters": {}, "tsa": 1}
{"condition": "noise_snr10", "prompt_variant": "minimal", "slurp_id": 6827, "gold_intent": "calendar_query", "gold_sentence": "have you added a meeting with tom tomorrow at nine pm", "transcription": "You added a meeting with Tom tomorrow at 9.00 a.m.", "asr_model": "mlx-community/whisper-large-v3-turbo", "wer": null, "predicted_intent_raw": "calendar_set", "predicted_intent": "calendar_set", "predicted_parameters": {}, "tsa": 0}
{"condition": "noise_snr10", "prompt_variant": "minimal", "slurp_id": 8873, "gold_intent": "calendar_set", "gold_sentence": "remember dinner on thursday at bistro italia", "transcription": "Remember dinner on Thursday at Bistro Italia.", "asr_model": "mlx-community/whisper-large-v3-turbo", "wer": null, "predicted_intent_raw": "calendar_set", "predicted_intent": "calendar_set", "predicted_parameters": {"event": "dinner", "day": "Thursday", "location": "Bistro Italia"}, "tsa": 1}
{"condition": "noise_snr10", "prompt_variant": "minimal", "slurp_id": 11160, "gold_intent": "lists_remove", "gold_sentence": "i don't want eggs", "transcription": "I didn't want that.", "asr_model": "mlx-community/whisper-large-v3-turbo", "wer": null, "predicted_intent_raw": "unknown", "predicted_intent": "unknown", "predicted_parameters": {}, "tsa": 0}
{"condition": "noise_snr10", "prompt_variant": "minimal", "slurp_id": 7753, "gold_intent": "calendar_query", "gold_sentence": "what do i have to do on monday", "transcription": "I have to do a Monday.", "asr_model": "mlx-community/whisper-large-v3-turbo", "wer": null, "predicted_intent_raw": "unknown", "predicted_intent": "unknown", "predicted_parameters": {}, "tsa": 0}
{"condition": "noise_snr10", "prompt_variant": "minimal", "slurp_id": 10666, "gold_intent": "lists_query", "gold_sentence": "read the list", "transcription": "Wait till it.", "asr_model": "mlx-community/whisper-large-v3-turbo", "wer": null, "predicted_intent_raw": "unknown", "predicted_intent": "unknown", "predicted_parameters": {}, "tsa": 0}
{"condition": "noise_snr10", "prompt_variant": "minimal", "slurp_id": 10741, "gold_intent": "lists_createoradd", "gold_sentence": "add something to my list", "transcription": "This is my list.", "asr_model": "mlx-community/whisper-large-v3-turbo", "wer": null, "predicted_intent_raw": "lists_query", "predicted_intent": "lists_query", "predicted_parameters": {}, "tsa": 0}
{"condition": "noise_snr10", "prompt_variant": "minimal", "slurp_id": 8146, "gold_intent": "calendar_remove", "gold_sentence": "cancel my meeting on the fourteenth", "transcription": "Cancel my meeting on the 14th.", "asr_model": "mlx-community/whisper-large-v3-turbo", "wer": null, "predicted_intent_raw": "calendar_remove", "predicted_intent": "calendar_remove", "predicted_parameters": {"date": "14th"}, "tsa": 1}
{"condition": "noise_snr10", "prompt_variant": "minimal", "slurp_id": 8802, "gold_intent": "calendar_set", "gold_sentence": "please remind me of", "transcription": "Please remind me of...", "asr_model": "mlx-community/whisper-large-v3-turbo", "wer": null, "predicted_intent_raw": "alarm_set", "predicted_intent": "alarm_set", "predicted_parameters": {}, "tsa": 0}
{"condition": "noise_snr10", "prompt_variant": "minimal", "slurp_id": 10901, "gold_intent": "lists_createoradd", "gold_sentence": "create a new list of", "transcription": "Great new list of", "asr_model": "mlx-community/whisper-large-v3-turbo", "wer": null, "predicted_intent_raw": "unknown", "predicted_intent": "unknown", "predicted_parameters": {}, "tsa": 0}
{"condition": "noise_snr10", "prompt_variant": "minimal", "slurp_id": 7852, "gold_intent": "calendar_set", "gold_sentence": "add event baseball practice five pm tonight", "transcription": "At event, baseball practice, 5pm tonight.", "asr_model": "mlx-community/whisper-large-v3-turbo", "wer": null, "predicted_intent_raw": "calendar_set", "predicted_intent": "calendar_set", "predicted_parameters": {"event": "baseball practice", "time": "5pm tonight"}, "tsa": 1}
{"condition": "noise_snr10", "prompt_variant": "minimal", "slurp_id": 10883, "gold_intent": "lists_remove", "gold_sentence": "please tell me how can i remove the item", "transcription": "Please tell me how can you remove the item?", "asr_model": "mlx-community/whisper-large-v3-turbo", "wer": null, "predicted_intent_raw": "unknown", "predicted_intent": "unknown", "predicted_parameters": {}, "tsa": 0}
{"condition": "noise_snr10", "prompt_variant": "minimal", "slurp_id": 7174, "gold_intent": "calendar_remove", "gold_sentence": "cancel", "transcription": "Cancel.", "asr_model": "mlx-community/whisper-large-v3-turbo", "wer": null, "predicted_intent_raw": "unknown", "predicted_intent": "unknown", "predicted_parameters": {}, "tsa": 0}
{"condition": "noise_snr10", "prompt_variant": "minimal", "slurp_id": 10521, "gold_intent": "lists_remove", "gold_sentence": "erase my old english songs list", "transcription": "Here is my Old English songs list.", "asr_model": "mlx-community/whisper-large-v3-turbo", "wer": null, "predicted_intent_raw": "lists_query", "predicted_intent": "lists_query", "predicted_parameters": {}, "tsa": 0}
{"condition": "noise_snr10", "prompt_variant": "minimal", "slurp_id": 7631, "gold_intent": "calendar_set", "gold_sentence": "set twelve noon prayer for every friday", "transcription": "Step 12 noon prayer for every Friday", "asr_model": "mlx-community/whisper-large-v3-turbo", "wer": null, "predicted_intent_raw": "calendar_set", "predicted_intent": "calendar_set", "predicted_parameters": {"title": "Step 12 noon prayer", "frequency": "every Friday", "time": "12:00 PM"}, "tsa": 1}
{"condition": "noise_snr10", "prompt_variant": "minimal", "slurp_id": 10648, "gold_intent": "lists_createoradd", "gold_sentence": "add grocery to list", "transcription": "Add grocery to list.", "asr_model": "mlx-community/whisper-large-v3-turbo", "wer": null, "predicted_intent_raw": "lists_createoradd", "predicted_intent": "lists_createoradd", "predicted_parameters": {"item": "grocery"}, "tsa": 1}
{"condition": "noise_snr10", "prompt_variant": "minimal", "slurp_id": 2720, "gold_intent": "alarm_set", "gold_sentence": "set an alarm for five thirty", "transcription": "Set an alarm for 5.30", "asr_model": "mlx-community/whisper-large-v3-turbo", "wer": null, "predicted_intent_raw": "alarm_set", "predicted_intent": "alarm_set", "predicted_parameters": {"time": "5:30"}, "tsa": 1}
{"condition": "noise_snr10", "prompt_variant": "minimal", "slurp_id": 7445, "gold_intent": "calendar_set", "gold_sentence": "please create an event with only these people", "transcription": "create an event with only these people.", "asr_model": "mlx-community/whisper-large-v3-turbo", "wer": null, "predicted_intent_raw": "calendar_set", "predicted_intent": "calendar_set", "predicted_parameters": {}, "tsa": 1}
{"condition": "noise_snr10", "prompt_variant": "minimal", "slurp_id": 3463, "gold_intent": "alarm_set", "gold_sentence": "i would like a wake up alarm at seven am tomorrow", "transcription": "I would like to wake up alarm at 7am", "asr_model": "mlx-community/whisper-large-v3-turbo", "wer": null, "predicted_intent_raw": "alarm_set", "predicted_intent": "alarm_set", "predicted_parameters": {"time": "7am"}, "tsa": 1}
{"condition": "noise_snr10", "prompt_variant": "minimal", "slurp_id": 8258, "gold_intent": "calendar_query", "gold_sentence": "more about the concert in st pete", "transcription": "more about the concert in St. Keith.", "asr_model": "mlx-community/whisper-large-v3-turbo", "wer": null, "predicted_intent_raw": "unknown", "predicted_intent": "unknown", "predicted_parameters": {}, "tsa": 0}
{"condition": "noise_snr10", "prompt_variant": "minimal", "slurp_id": 8655, "gold_intent": "calendar_set", "gold_sentence": "add an event starting at three pm in goshen new york on may fifth for dan's graduation", "transcription": "At an event starting at 3 p.m. in Boston, New York on May 5th for dance graduation.", "asr_model": "mlx-community/whisper-large-v3-turbo", "wer": null, "predicted_intent_raw": "calendar_set", "predicted_intent": "calendar_set", "predicted_parameters": {"event": "dance graduation", "start_time": "3 p.m.", "location": "Boston, New York", "date": "May 5th"}, "tsa": 1}
{"condition": "noise_snr10", "prompt_variant": "minimal", "slurp_id": 8152, "gold_intent": "calendar_query", "gold_sentence": "give me information about the concert on tuesday night", "transcription": "Give me information about the concert on Tuesday night.", "asr_model": "mlx-community/whisper-large-v3-turbo", "wer": null, "predicted_intent_raw": "calendar_query", "predicted_intent": "calendar_query", "predicted_parameters": {}, "tsa": 1}
{"condition": "noise_snr10", "prompt_variant": "minimal", "slurp_id": 10728, "gold_intent": "lists_query", "gold_sentence": "display available lists", "transcription": "Play Available Lift.", "asr_model": "mlx-community/whisper-large-v3-turbo", "wer": null, "predicted_intent_raw": "unknown", "predicted_intent": "unknown", "predicted_parameters": {}, "tsa": 0}
{"condition": "noise_snr10", "prompt_variant": "minimal", "slurp_id": 10925, "gold_intent": "lists_createoradd", "gold_sentence": "create a new list of my pending bills", "transcription": "New... New... New... New lease for my pending bill.", "asr_model": "mlx-community/whisper-large-v3-turbo", "wer": null, "predicted_intent_raw": "unknown", "predicted_intent": "unknown", "predicted_parameters": {}, "tsa": 0}
{"condition": "noise_snr10", "prompt_variant": "minimal", "slurp_id": 7101, "gold_intent": "calendar_set", "gold_sentence": "let me know the morning of my doctor appointment on the twelfth", "transcription": "Let me know the morning of my daughter's appointment on the 12th.", "asr_model": "mlx-community/whisper-large-v3-turbo", "wer": null, "predicted_intent_raw": "calendar_query", "predicted_intent": "calendar_query", "predicted_parameters": {}, "tsa": 0}
{"condition": "noise_snr10", "prompt_variant": "minimal", "slurp_id": 11022, "gold_intent": "lists_remove", "gold_sentence": "we're out of paint so take bathroom painting off the list", "transcription": "We are out of paint, so take bottom printing off the list.", "asr_model": "mlx-community/whisper-large-v3-turbo", "wer": null, "predicted_intent_raw": "lists_remove", "predicted_intent": "lists_remove", "predicted_parameters": {"item": "bottom printing"}, "tsa": 1}
{"condition": "noise_snr10", "prompt_variant": "minimal", "slurp_id": 7309, "gold_intent": "calendar_query", "gold_sentence": "what is my first appointment today", "transcription": "What is my first appointment day?", "asr_model": "mlx-community/whisper-large-v3-turbo", "wer": null, "predicted_intent_raw": "calendar_query", "predicted_intent": "calendar_query", "predicted_parameters": {}, "tsa": 1}
{"condition": "noise_snr10", "prompt_variant": "minimal", "slurp_id": 8848, "gold_intent": "calendar_set", "gold_sentence": "please tell me to take my umbrella because it will be very hot today", "transcription": "Please tell me to take my umbrella because it will be very hot today.", "asr_model": "mlx-community/whisper-large-v3-turbo", "wer": null, "predicted_intent_raw": "unknown", "predicted_intent": "unknown", "predicted_parameters": {}, "tsa": 0}
{"condition": "noise_snr10", "prompt_variant": "minimal", "slurp_id": 4318, "gold_intent": "alarm_set", "gold_sentence": "wake me up at ten", "transcription": "Look me up at 10", "asr_model": "mlx-community/whisper-large-v3-turbo", "wer": null, "predicted_intent_raw": "unknown", "predicted_intent": "unknown", "predicted_parameters": {}, "tsa": 0}
{"condition": "noise_snr10", "prompt_variant": "minimal", "slurp_id": 7112, "gold_intent": "calendar_query", "gold_sentence": "when is that meeting with my boss next week", "transcription": "That meeting with my boss next week.", "asr_model": "mlx-community/whisper-large-v3-turbo", "wer": null, "predicted_intent_raw": "calendar_query", "predicted_intent": "calendar_query", "predicted_parameters": {}, "tsa": 1}
{"condition": "noise_snr10", "prompt_variant": "minimal", "slurp_id": 8385, "gold_intent": "calendar_query", "gold_sentence": "is this week a payday week", "transcription": "Is this week a payday week?", "asr_model": "mlx-community/whisper-large-v3-turbo", "wer": null, "predicted_intent_raw": "unknown", "predicted_intent": "unknown", "predicted_parameters": {}, "tsa": 0}
{"condition": "noise_snr10", "prompt_variant": "minimal", "slurp_id": 8863, "gold_intent": "calendar_remove", "gold_sentence": "please delete all reminder of sunday", "transcription": "Please delete all reminders of Sunday.", "asr_model": "mlx-community/whisper-large-v3-turbo", "wer": null, "predicted_intent_raw": "alarm_remove", "predicted_intent": "alarm_remove", "predicted_parameters": {"day": "Sunday"}, "tsa": 0}
{"condition": "noise_snr10", "prompt_variant": "minimal", "slurp_id": 8729, "gold_intent": "calendar_set", "gold_sentence": "set a weekly appointment reminder", "transcription": "Set a weekly appointment reminder.", "asr_model": "mlx-community/whisper-large-v3-turbo", "wer": null, "predicted_intent_raw": "alarm_set", "predicted_intent": "alarm_set", "predicted_parameters": {}, "tsa": 0}
{"condition": "noise_snr10", "prompt_variant": "minimal", "slurp_id": 7104, "gold_intent": "calendar_set", "gold_sentence": "make a calendar entry for brunch on saturday morning with chris kimberly and aaronson", "transcription": "Make a calendar entry for brunch on Saturday morning with Chris, Kimberly and Aaron", "asr_model": "mlx-community/whisper-large-v3-turbo", "wer": null, "predicted_intent_raw": "calendar_set", "predicted_intent": "calendar_set", "predicted_parameters": {"event": "brunch", "day": "Saturday", "time": "morning", "attendees": ["Chris", "Kimberly", "Aaron"]}, "tsa": 1}
{"condition": "noise_snr10", "prompt_variant": "minimal", "slurp_id": 7065, "gold_intent": "calendar_query", "gold_sentence": "what events are in my calendar for today", "transcription": "What events are in my calendar for today?", "asr_model": "mlx-community/whisper-large-v3-turbo", "wer": null, "predicted_intent_raw": "calendar_query", "predicted_intent": "calendar_query", "predicted_parameters": {}, "tsa": 1}
{"condition": "noise_snr10", "prompt_variant": "minimal", "slurp_id": 9013, "gold_intent": "calendar_set", "gold_sentence": "remind me on fifth april there is a meeting with boss", "transcription": "Remind me, on 5th April there is a meeting with boss.", "asr_model": "mlx-community/whisper-large-v3-turbo", "wer": null, "predicted_intent_raw": "alarm_set", "predicted_intent": "alarm_set", "predicted_parameters": {"date": "5th April", "description": "meeting with boss"}, "tsa": 0}
{"condition": "noise_snr10", "prompt_variant": "minimal", "slurp_id": 3151, "gold_intent": "alarm_remove", "gold_sentence": "remove my early alarms", "transcription": "Remove my early alarm.", "asr_model": "mlx-community/whisper-large-v3-turbo", "wer": null, "predicted_intent_raw": "alarm_remove", "predicted_intent": "alarm_remove", "predicted_parameters": {}, "tsa": 1}
{"condition": "noise_snr10", "prompt_variant": "minimal", "slurp_id": 601, "gold_intent": "alarm_set", "gold_sentence": "start alarm", "transcription": "to alarm.", "asr_model": "mlx-community/whisper-large-v3-turbo", "wer": null, "predicted_intent_raw": "alarm_query", "predicted_intent": "alarm_query", "predicted_parameters": {}, "tsa": 0}
{"condition": "noise_snr10", "prompt_variant": "minimal", "slurp_id": 7517, "gold_intent": "calendar_set", "gold_sentence": "schedule a meeting on tuesday", "transcription": "Schedule meeting on secure space.", "asr_model": "mlx-community/whisper-large-v3-turbo", "wer": null, "predicted_intent_raw": "calendar_set", "predicted_intent": "calendar_set", "predicted_parameters": {}, "tsa": 1}
{"condition": "noise_snr10", "prompt_variant": "minimal", "slurp_id": 10886, "gold_intent": "lists_query", "gold_sentence": "can i check my lists", "transcription": "Can I check my lists?", "asr_model": "mlx-community/whisper-large-v3-turbo", "wer": null, "predicted_intent_raw": "lists_query", "predicted_intent": "lists_query", "predicted_parameters": {}, "tsa": 1}
{"condition": "noise_snr10", "prompt_variant": "minimal", "slurp_id": 7007, "gold_intent": "calendar_set", "gold_sentence": "set an appointment for allen on tomorrow", "transcription": "Set an appointment for Alan tomorrow", "asr_model": "mlx-community/whisper-large-v3-turbo", "wer": null, "predicted_intent_raw": "calendar_set", "predicted_intent": "calendar_set", "predicted_parameters": {"name": "Alan", "date": "tomorrow"}, "tsa": 1}
{"condition": "noise_snr10", "prompt_variant": "minimal", "slurp_id": 8834, "gold_intent": "calendar_remove", "gold_sentence": "remove all my meetings for the rest of the week", "transcription": "I've moved all my meetings for the rest of the week.", "asr_model": "mlx-community/whisper-large-v3-turbo", "wer": null, "predicted_intent_raw": "calendar_query", "predicted_intent": "calendar_query", "predicted_parameters": {}, "tsa": 0}
{"condition": "noise_snr10", "prompt_variant": "minimal", "slurp_id": 538, "gold_intent": "alarm_set", "gold_sentence": "set an alarm for one pm", "transcription": "Set an alarm for one minute.", "asr_model": "mlx-community/whisper-large-v3-turbo", "wer": null, "predicted_intent_raw": "alarm_set", "predicted_intent": "alarm_set", "predicted_parameters": {"duration": "1 minute"}, "tsa": 1}
{"condition": "noise_snr10", "prompt_variant": "minimal", "slurp_id": 7351, "gold_intent": "calendar_set", "gold_sentence": "in the calendar put that we are having dinner with frank at eight pm on the ninth of august", "transcription": "In the calendar, put that we are having dinner with Frank at 8pm on the 9th of August.", "asr_model": "mlx-community/whisper-large-v3-turbo", "wer": null, "predicted_intent_raw": "calendar_set", "predicted_intent": "calendar_set", "predicted_parameters": {"event": "dinner with Frank", "time": "8pm", "date": "9th of August"}, "tsa": 1}
{"condition": "noise_snr10", "prompt_variant": "minimal", "slurp_id": 8046, "gold_intent": "calendar_query", "gold_sentence": "how many meetings do i have next week", "transcription": "How many meetings do I have next week?", "asr_model": "mlx-community/whisper-large-v3-turbo", "wer": null, "predicted_intent_raw": "calendar_query", "predicted_intent": "calendar_query", "predicted_parameters": {}, "tsa": 1}
{"condition": "noise_snr10", "prompt_variant": "minimal", "slurp_id": 6881, "gold_intent": "calendar_query", "gold_sentence": "when is the next appointment on my calendar", "transcription": "When is the next appointment on my calendar?", "asr_model": "mlx-community/whisper-large-v3-turbo", "wer": null, "predicted_intent_raw": "calendar_query", "predicted_intent": "calendar_query", "predicted_parameters": {}, "tsa": 1}
{"condition": "noise_snr10", "prompt_variant": "minimal", "slurp_id": 11047, "gold_intent": "lists_remove", "gold_sentence": "remove last played song", "transcription": "Last played solo.", "asr_model": "mlx-community/whisper-large-v3-turbo", "wer": null, "predicted_intent_raw": "unknown", "predicted_intent": "unknown", "predicted_parameters": {}, "tsa": 0}
{"condition": "noise_snr10", "prompt_variant": "minimal", "slurp_id": 8859, "gold_intent": "calendar_query", "gold_sentence": "what is my schedule for june fourteenth two thousand and seventeen", "transcription": "What is my schedule for June 14, 2017?", "asr_model": "mlx-community/whisper-large-v3-turbo", "wer": null, "predicted_intent_raw": "calendar_query", "predicted_intent": "calendar_query", "predicted_parameters": {"date": "2017-06-14"}, "tsa": 1}
{"condition": "noise_snr10", "prompt_variant": "minimal", "slurp_id": 937, "gold_intent": "alarm_remove", "gold_sentence": "phones", "transcription": "Close.", "asr_model": "mlx-community/whisper-large-v3-turbo", "wer": null, "predicted_intent_raw": "unknown", "predicted_intent": "unknown", "predicted_parameters": {}, "tsa": 0}
{"condition": "noise_snr10", "prompt_variant": "minimal", "slurp_id": 8270, "gold_intent": "calendar_set", "gold_sentence": "notification of meeting on wednesday", "transcription": "notification at the meeting on Wednesday", "asr_model": "mlx-community/whisper-large-v3-turbo", "wer": null, "predicted_intent_raw": "alarm_set", "predicted_intent": "alarm_set", "predicted_parameters": {"time": "Wednesday", "event": "meeting"}, "tsa": 0}
{"condition": "noise_snr10", "prompt_variant": "minimal", "slurp_id": 10746, "gold_intent": "lists_remove", "gold_sentence": "remove that item from my list", "transcription": "Remove that item from my lips.", "asr_model": "mlx-community/whisper-large-v3-turbo", "wer": null, "predicted_intent_raw": "unknown", "predicted_intent": "unknown", "predicted_parameters": {}, "tsa": 0}
{"condition": "noise_snr10", "prompt_variant": "minimal", "slurp_id": 10450, "gold_intent": "lists_query", "gold_sentence": "what is on my shopping list today", "transcription": "where they sell my shopping list today", "asr_model": "mlx-community/whisper-large-v3-turbo", "wer": null, "predicted_intent_raw": "lists_query", "predicted_intent": "lists_query", "predicted_parameters": {}, "tsa": 1}
{"condition": "noise_snr10", "prompt_variant": "minimal", "slurp_id": 8208, "gold_intent": "calendar_query", "gold_sentence": "what time is the evening meeting i have with john", "transcription": "What time is the evening meeting I had with John?", "asr_model": "mlx-community/whisper-large-v3-turbo", "wer": null, "predicted_intent_raw": "calendar_query", "predicted_intent": "calendar_query", "predicted_parameters": {}, "tsa": 1}
{"condition": "noise_snr10", "prompt_variant": "minimal", "slurp_id": 11041, "gold_intent": "lists_createoradd", "gold_sentence": "remind me to order more soap", "transcription": "Remind me to order some soap.", "asr_model": "mlx-community/whisper-large-v3-turbo", "wer": null, "predicted_intent_raw": "alarm_set", "predicted_intent": "alarm_set", "predicted_parameters": {"message": "order some soap"}, "tsa": 0}
{"condition": "noise_snr10", "prompt_variant": "minimal", "slurp_id": 10532, "gold_intent": "lists_query", "gold_sentence": "what were the last five lists i made", "transcription": "Oh my love partner", "asr_model": "mlx-community/whisper-large-v3-turbo", "wer": null, "predicted_intent_raw": "unknown", "predicted_intent": "unknown", "predicted_parameters": {}, "tsa": 0}
{"condition": "noise_snr10", "prompt_variant": "minimal", "slurp_id": 9040, "gold_intent": "calendar_remove", "gold_sentence": "make blank on july three calendar", "transcription": "Make blank on July 3rd calendar.", "asr_model": "mlx-community/whisper-large-v3-turbo", "wer": null, "predicted_intent_raw": "calendar_set", "predicted_intent": "calendar_set", "predicted_parameters": {"date": "July 3rd", "action": "blank"}, "tsa": 0}
{"condition": "noise_snr10", "prompt_variant": "minimal", "slurp_id": 9144, "gold_intent": "calendar_set", "gold_sentence": "remind me that i have an appointment twelve o clock on saturday", "transcription": "Remind me that I have an appointment 12 o'clock on Saturday.", "asr_model": "mlx-community/whisper-large-v3-turbo", "wer": null, "predicted_intent_raw": "alarm_set", "predicted_intent": "alarm_set", "predicted_parameters": {"message": "I have an appointment", "time": "12 o'clock", "day": "Saturday"}, "tsa": 0}
{"condition": "noise_snr10", "prompt_variant": "minimal", "slurp_id": 7747, "gold_intent": "calendar_remove", "gold_sentence": "remove all data from my calendar", "transcription": "I've all dated for my calendar.", "asr_model": "mlx-community/whisper-large-v3-turbo", "wer": null, "predicted_intent_raw": "calendar_query", "predicted_intent": "calendar_query", "predicted_parameters": {}, "tsa": 0}
{"condition": "noise_snr10", "prompt_variant": "minimal", "slurp_id": 7474, "gold_intent": "calendar_set", "gold_sentence": "remember to fix a meeting between me and the players tomorrow evening by seven", "transcription": "I'm going to fix the meeting between me and the players tomorrow evening by 7pm.", "asr_model": "mlx-community/whisper-large-v3-turbo", "wer": null, "predicted_intent_raw": "calendar_set", "predicted_intent": "calendar_set", "predicted_parameters": {"time": "tomorrow evening by 7pm", "participants": ["me", "the players"], "action": "fix meeting"}, "tsa": 1}
{"condition": "noise_snr10", "prompt_variant": "minimal", "slurp_id": 6760, "gold_intent": "calendar_remove", "gold_sentence": "cancel my five pm daily call", "transcription": "cancel my 5 p.m. daily call", "asr_model": "mlx-community/whisper-large-v3-turbo", "wer": null, "predicted_intent_raw": "calendar_remove", "predicted_intent": "calendar_remove", "predicted_parameters": {"time": "5 p.m.", "event": "daily call"}, "tsa": 1}
{"condition": "noise_snr10", "prompt_variant": "minimal", "slurp_id": 7846, "gold_intent": "calendar_query", "gold_sentence": "what reminders are coming up this week", "transcription": "What reminders are coming up for this year?", "asr_model": "mlx-community/whisper-large-v3-turbo", "wer": null, "predicted_intent_raw": "alarm_query", "predicted_intent": "alarm_query", "predicted_parameters": {}, "tsa": 0}
{"condition": "noise_snr10", "prompt_variant": "minimal", "slurp_id": 7653, "gold_intent": "calendar_set", "gold_sentence": "don't forget to remind me of my brother's birthday on april twenty", "transcription": "Don't forget to remind me of my brother's birthday on April 20th.", "asr_model": "mlx-community/whisper-large-v3-turbo", "wer": null, "predicted_intent_raw": "alarm_set", "predicted_intent": "alarm_set", "predicted_parameters": {"message": "brother's birthday", "date": "April 20th"}, "tsa": 0}
{"condition": "noise_snr10", "prompt_variant": "minimal", "slurp_id": 7131, "gold_intent": "calendar_remove", "gold_sentence": "delete the wedding on the tenth from my calendar", "transcription": "Delete the wedding on the 10th from my calendar.", "asr_model": "mlx-community/whisper-large-v3-turbo", "wer": null, "predicted_intent_raw": "calendar_remove", "predicted_intent": "calendar_remove", "predicted_parameters": {"event": "wedding", "date": "10th"}, "tsa": 1}
{"condition": "noise_snr10", "prompt_variant": "minimal", "slurp_id": 8047, "gold_intent": "calendar_set", "gold_sentence": "on february fourteenth make dinner reservations at the restaurant", "transcription": "for games made dinner reservations at the restaurant.", "asr_model": "mlx-community/whisper-large-v3-turbo", "wer": null, "predicted_intent_raw": "unknown", "predicted_intent": "unknown", "predicted_parameters": {}, "tsa": 0}
{"condition": "noise_snr10", "prompt_variant": "minimal", "slurp_id": 8938, "gold_intent": "calendar_set", "gold_sentence": "john marriage anniversary", "transcription": "Paris Anniversary", "asr_model": "mlx-community/whisper-large-v3-turbo", "wer": null, "predicted_intent_raw": "unknown", "predicted_intent": "unknown", "predicted_parameters": {}, "tsa": 0}
{"condition": "noise_snr10", "prompt_variant": "minimal", "slurp_id": 7688, "gold_intent": "calendar_query", "gold_sentence": "do i have any reminders pending", "transcription": "I have any reminders pending.", "asr_model": "mlx-community/whisper-large-v3-turbo", "wer": null, "predicted_intent_raw": "alarm_query", "predicted_intent": "alarm_query", "predicted_parameters": {}, "tsa": 0}
{"condition": "noise_snr10", "prompt_variant": "minimal", "slurp_id": 8668, "gold_intent": "calendar_query", "gold_sentence": "in the last year how many hours have i been in meetings", "transcription": "In the last year, how many hours have I been in meetings?", "asr_model": "mlx-community/whisper-large-v3-turbo", "wer": null, "predicted_intent_raw": "calendar_query", "predicted_intent": "calendar_query", "predicted_parameters": {"time_range": "last year", "metric": "meeting hours"}, "tsa": 1}
{"condition": "noise_snr10", "prompt_variant": "minimal", "slurp_id": 4317, "gold_intent": "alarm_set", "gold_sentence": "set an alarm for ten o'clock tomorrow morning", "transcription": "Set on alarm for 10 o'clock tomorrow morning.", "asr_model": "mlx-community/whisper-large-v3-turbo", "wer": null, "predicted_intent_raw": "alarm_set", "predicted_intent": "alarm_set", "predicted_parameters": {"time": "10:00", "date": "tomorrow", "period": "morning"}, "tsa": 1}
{"condition": "noise_snr10", "prompt_variant": "minimal", "slurp_id": 9008, "gold_intent": "calendar_remove", "gold_sentence": "remove birthday event from my calendar", "transcription": "move what they went from my calendar", "asr_model": "mlx-community/whisper-large-v3-turbo", "wer": null, "predicted_intent_raw": "calendar_remove", "predicted_intent": "calendar_remove", "predicted_parameters": {}, "tsa": 1}
{"condition": "noise_snr10", "prompt_variant": "minimal", "slurp_id": 4198, "gold_intent": "alarm_remove", "gold_sentence": "remove the alarm set for four hundred am", "transcription": "Remove the alarm sets for 400 AM.", "asr_model": "mlx-community/whisper-large-v3-turbo", "wer": null, "predicted_intent_raw": "alarm_remove", "predicted_intent": "alarm_remove", "predicted_parameters": {"time": "400 AM"}, "tsa": 1}
{"condition": "noise_snr10", "prompt_variant": "minimal", "slurp_id": 10629, "gold_intent": "lists_remove", "gold_sentence": "please remove this item from the list", "transcription": "Please remove this item from the list.", "asr_model": "mlx-community/whisper-large-v3-turbo", "wer": null, "predicted_intent_raw": "lists_remove", "predicted_intent": "lists_remove", "predicted_parameters": {}, "tsa": 1}
{"condition": "noise_snr10", "prompt_variant": "minimal", "slurp_id": 6823, "gold_intent": "calendar_set", "gold_sentence": "olly i want to go to the outdoor movie screening this weekend remind me", "transcription": "I want to go to the outdoor movie screen this weekend. Remind me.", "asr_model": "mlx-community/whisper-large-v3-turbo", "wer": null, "predicted_intent_raw": "alarm_set", "predicted_intent": "alarm_set", "predicted_parameters": {"event": "outdoor movie screen", "time": "this weekend"}, "tsa": 0}
{"condition": "noise_snr10", "prompt_variant": "minimal", "slurp_id": 10797, "gold_intent": "lists_createoradd", "gold_sentence": "please add milk to the grocery list", "transcription": "Please add milk to the grocery list.", "asr_model": "mlx-community/whisper-large-v3-turbo", "wer": null, "predicted_intent_raw": "lists_createoradd", "predicted_intent": "lists_createoradd", "predicted_parameters": {"item": "milk", "list_type": "grocery"}, "tsa": 1}
{"condition": "noise_snr10", "prompt_variant": "minimal", "slurp_id": 9049, "gold_intent": "alarm_set", "gold_sentence": "set an alarm for four pm tuesday", "transcription": "Head on lawn for 4 p.m. Tuesday.", "asr_model": "mlx-community/whisper-large-v3-turbo", "wer": null, "predicted_intent_raw": "calendar_set", "predicted_intent": "calendar_set", "predicted_parameters": {"time": "4 p.m. Tuesday", "location": "Head on lawn"}, "tsa": 0}
{"condition": "noise_snr10", "prompt_variant": "minimal", "slurp_id": 10767, "gold_intent": "lists_query", "gold_sentence": "are eggs on my shopping list", "transcription": "or X on my shopping list", "asr_model": "mlx-community/whisper-large-v3-turbo", "wer": null, "predicted_intent_raw": "lists_query", "predicted_intent": "lists_query", "predicted_parameters": {"item": "X"}, "tsa": 1}
{"condition": "noise_snr10", "prompt_variant": "minimal", "slurp_id": 7357, "gold_intent": "calendar_query", "gold_sentence": "what are the list of events in my calendar in march", "transcription": "What are the list of events in my calendar in March?", "asr_model": "mlx-community/whisper-large-v3-turbo", "wer": null, "predicted_intent_raw": "calendar_query", "predicted_intent": "calendar_query", "predicted_parameters": {"month": "March"}, "tsa": 1}
{"condition": "noise_snr10", "prompt_variant": "minimal", "slurp_id": 7064, "gold_intent": "calendar_remove", "gold_sentence": "please delete all of my calendar events for the rest of the day", "transcription": "Please delete all of my Klimda events for the rest of the day.", "asr_model": "mlx-community/whisper-large-v3-turbo", "wer": null, "predicted_intent_raw": "calendar_remove", "predicted_intent": "calendar_remove", "predicted_parameters": {"query": "Klimda", "time_range": "rest of the day"}, "tsa": 1}
{"condition": "noise_snr10", "prompt_variant": "minimal", "slurp_id": 10962, "gold_intent": "lists_remove", "gold_sentence": "i don't want this list any more", "transcription": "I don't want this list anymore.", "asr_model": "mlx-community/whisper-large-v3-turbo", "wer": null, "predicted_intent_raw": "lists_remove", "predicted_intent": "lists_remove", "predicted_parameters": {}, "tsa": 1}
{"condition": "noise_snr10", "prompt_variant": "minimal", "slurp_id": 10468, "gold_intent": "lists_createoradd", "gold_sentence": "can you create a new list", "transcription": "Can you create a new list?", "asr_model": "mlx-community/whisper-large-v3-turbo", "wer": null, "predicted_intent_raw": "lists_createoradd", "predicted_intent": "lists_createoradd", "predicted_parameters": {}, "tsa": 1}
{"condition": "noise_snr10", "prompt_variant": "minimal", "slurp_id": 10557, "gold_intent": "lists_query", "gold_sentence": "please show my list", "transcription": "Please show my list.", "asr_model": "mlx-community/whisper-large-v3-turbo", "wer": null, "predicted_intent_raw": "lists_query", "predicted_intent": "lists_query", "predicted_parameters": {}, "tsa": 1}
{"condition": "noise_snr10", "prompt_variant": "minimal", "slurp_id": 4850, "gold_intent": "alarm_set", "gold_sentence": "set an alarm for five minutes from now", "transcription": "Set an alarm for 5 minutes from now.", "asr_model": "mlx-community/whisper-large-v3-turbo", "wer": null, "predicted_intent_raw": "alarm_set", "predicted_intent": "alarm_set", "predicted_parameters": {"time": "5 minutes from now"}, "tsa": 1}
{"condition": "noise_snr10", "prompt_variant": "minimal", "slurp_id": 11076, "gold_intent": "lists_query", "gold_sentence": "what is that on the list", "transcription": "What is that on the list?", "asr_model": "mlx-community/whisper-large-v3-turbo", "wer": null, "predicted_intent_raw": "lists_query", "predicted_intent": "lists_query", "predicted_parameters": {}, "tsa": 1}
{"condition": "noise_snr10", "prompt_variant": "minimal", "slurp_id": 10896, "gold_intent": "lists_remove", "gold_sentence": "remove item from my list", "transcription": "with item from my lift", "asr_model": "mlx-community/whisper-large-v3-turbo", "wer": null, "predicted_intent_raw": "unknown", "predicted_intent": "unknown", "predicted_parameters": {}, "tsa": 0}
{"condition": "noise_snr10", "prompt_variant": "minimal", "slurp_id": 5099, "gold_intent": "alarm_remove", "gold_sentence": "olly cancel alarms", "transcription": "Cancel alarm.", "asr_model": "mlx-community/whisper-large-v3-turbo", "wer": null, "predicted_intent_raw": "alarm_remove", "predicted_intent": "alarm_remove", "predicted_parameters": {}, "tsa": 1}
{"condition": "noise_snr10", "prompt_variant": "minimal", "slurp_id": 8953, "gold_intent": "calendar_set", "gold_sentence": "let me know of the meeting on tuesday", "transcription": "Let me know of the reason we see", "asr_model": "mlx-community/whisper-large-v3-turbo", "wer": null, "predicted_intent_raw": "unknown", "predicted_intent": "unknown", "predicted_parameters": {}, "tsa": 0}
{"condition": "noise_snr10", "prompt_variant": "minimal", "slurp_id": 4723, "gold_intent": "alarm_query", "gold_sentence": "list my different alarm", "transcription": "lift my different alarm.", "asr_model": "mlx-community/whisper-large-v3-turbo", "wer": null, "predicted_intent_raw": "alarm_query", "predicted_intent": "alarm_query", "predicted_parameters": {}, "tsa": 1}
{"condition": "noise_snr10", "prompt_variant": "minimal", "slurp_id": 8609, "gold_intent": "calendar_set", "gold_sentence": "cancel my meeting with lisa on tuesday and reschedule it for thursday", "transcription": "My meeting with Lisa on Tuesday, I reschedule it for Thursday.", "asr_model": "mlx-community/whisper-large-v3-turbo", "wer": null, "predicted_intent_raw": "calendar_set", "predicted_intent": "calendar_set", "predicted_parameters": {"action": "reschedule", "old_day": "Tuesday", "new_day": "Thursday", "participant": "Lisa"}, "tsa": 1}
{"condition": "noise_snr10", "prompt_variant": "minimal", "slurp_id": 232, "gold_intent": "alarm_set", "gold_sentence": "set an alarm at six in the morning", "transcription": "Set an alarm at 6 in the morning.", "asr_model": "mlx-community/whisper-large-v3-turbo", "wer": null, "predicted_intent_raw": "alarm_set", "predicted_intent": "alarm_set", "predicted_parameters": {"time": "6:00 AM"}, "tsa": 1}
{"condition": "noise_snr10", "prompt_variant": "minimal", "slurp_id": 11065, "gold_intent": "lists_query", "gold_sentence": "hey olly what are my lists", "transcription": "Hey PDA, what are my lists?", "asr_model": "mlx-community/whisper-large-v3-turbo", "wer": null, "predicted_intent_raw": "lists_query", "predicted_intent": "lists_query", "predicted_parameters": {}, "tsa": 1}
{"condition": "noise_snr10", "prompt_variant": "minimal", "slurp_id": 8594, "gold_intent": "calendar_set", "gold_sentence": "schedule an event in my calendar for the pool party at jack's place this saturday", "transcription": "schedule events in my calendar for the full party of just place is", "asr_model": "mlx-community/whisper-large-v3-turbo", "wer": null, "predicted_intent_raw": "calendar_set", "predicted_intent": "calendar_set", "predicted_parameters": {}, "tsa": 1}
{"condition": "noise_snr10", "prompt_variant": "minimal", "slurp_id": 3956, "gold_intent": "alarm_set", "gold_sentence": "alert me in three hours", "transcription": "Only in three hours.", "asr_model": "mlx-community/whisper-large-v3-turbo", "wer": null, "predicted_intent_raw": "unknown", "predicted_intent": "unknown", "predicted_parameters": {}, "tsa": 0}
{"condition": "noise_snr10", "prompt_variant": "minimal", "slurp_id": 8063, "gold_intent": "calendar_query", "gold_sentence": "when is my next reminder", "transcription": "When is my next reminder?", "asr_model": "mlx-community/whisper-large-v3-turbo", "wer": null, "predicted_intent_raw": "alarm_query", "predicted_intent": "alarm_query", "predicted_parameters": {}, "tsa": 0}
{"condition": "noise_snr10", "prompt_variant": "minimal", "slurp_id": 11045, "gold_intent": "lists_query", "gold_sentence": "open my list", "transcription": "the mallet", "asr_model": "mlx-community/whisper-large-v3-turbo", "wer": null, "predicted_intent_raw": "unknown", "predicted_intent": "unknown", "predicted_parameters": {}, "tsa": 0}
{"condition": "noise_snr10", "prompt_variant": "expanded", "slurp_id": 7043, "gold_intent": "alarm_set", "gold_sentence": "set an alarm for two hours from now please", "transcription": "Set an alarm for 2 hours from now please.", "asr_model": "mlx-community/whisper-large-v3-turbo", "wer": null, "predicted_intent_raw": "alarm_set", "predicted_intent": "alarm_set", "predicted_parameters": {"time": "2 hours from now"}, "tsa": 1}
{"condition": "noise_snr10", "prompt_variant": "expanded", "slurp_id": 9136, "gold_intent": "calendar_query", "gold_sentence": "any meeting on friday", "transcription": "Any meeting on?", "asr_model": "mlx-community/whisper-large-v3-turbo", "wer": null, "predicted_intent_raw": "calendar_query", "predicted_intent": "calendar_query", "predicted_parameters": {}, "tsa": 1}
{"condition": "noise_snr10", "prompt_variant": "expanded", "slurp_id": 8272, "gold_intent": "calendar_set", "gold_sentence": "add my upcoming meeting to my calendar", "transcription": "Add my upcoming meeting to my calendar.", "asr_model": "mlx-community/whisper-large-v3-turbo", "wer": null, "predicted_intent_raw": "calendar_set", "predicted_intent": "calendar_set", "predicted_parameters": {}, "tsa": 1}
{"condition": "noise_snr10", "prompt_variant": "expanded", "slurp_id": 10973, "gold_intent": "lists_createoradd", "gold_sentence": "create a new list for school supplies", "transcription": "Create a new list for school supplies.", "asr_model": "mlx-community/whisper-large-v3-turbo", "wer": null, "predicted_intent_raw": "lists_createoradd", "predicted_intent": "lists_createoradd", "predicted_parameters": {"list_name": "school supplies"}, "tsa": 1}
{"condition": "noise_snr10", "prompt_variant": "expanded", "slurp_id": 4853, "gold_intent": "alarm_set", "gold_sentence": "please set my alarm", "transcription": "Please set my alarm.", "asr_model": "mlx-community/whisper-large-v3-turbo", "wer": null, "predicted_intent_raw": "alarm_set", "predicted_intent": "alarm_set", "predicted_parameters": {}, "tsa": 1}
{"condition": "noise_snr10", "prompt_variant": "expanded", "slurp_id": 10754, "gold_intent": "lists_query", "gold_sentence": "read back what i put on my to do list for this week", "transcription": "read back what I put on my to-do list for this week.", "asr_model": "mlx-community/whisper-large-v3-turbo", "wer": null, "predicted_intent_raw": "lists_query", "predicted_intent": "lists_query", "predicted_parameters": {"list_name": "to-do"}, "tsa": 1}
{"condition": "noise_snr10", "prompt_variant": "expanded", "slurp_id": 6751, "gold_intent": "calendar_query", "gold_sentence": "when is my next meeting", "transcription": "my next meeting", "asr_model": "mlx-community/whisper-large-v3-turbo", "wer": null, "predicted_intent_raw": "calendar_query", "predicted_intent": "calendar_query", "predicted_parameters": {}, "tsa": 1}
{"condition": "noise_snr10", "prompt_variant": "expanded", "slurp_id": 10806, "gold_intent": "lists_query", "gold_sentence": "will you please show me my lists", "transcription": "Will you please show me my lists?", "asr_model": "mlx-community/whisper-large-v3-turbo", "wer": null, "predicted_intent_raw": "lists_query", "predicted_intent": "lists_query", "predicted_parameters": {}, "tsa": 1}
{"condition": "noise_snr10", "prompt_variant": "expanded", "slurp_id": 6827, "gold_intent": "calendar_query", "gold_sentence": "have you added a meeting with tom tomorrow at nine pm", "transcription": "You added a meeting with Tom tomorrow at 9.00 a.m.", "asr_model": "mlx-community/whisper-large-v3-turbo", "wer": null, "predicted_intent_raw": "calendar_set", "predicted_intent": "calendar_set", "predicted_parameters": {"person": "Tom", "date": "tomorrow", "time": "9:00 AM"}, "tsa": 0}
{"condition": "noise_snr10", "prompt_variant": "expanded", "slurp_id": 8873, "gold_intent": "calendar_set", "gold_sentence": "remember dinner on thursday at bistro italia", "transcription": "Remember dinner on Thursday at Bistro Italia.", "asr_model": "mlx-community/whisper-large-v3-turbo", "wer": null, "predicted_intent_raw": "calendar_set", "predicted_intent": "calendar_set", "predicted_parameters": {"event_name": "dinner", "date": "Thursday", "location": "Bistro Italia"}, "tsa": 1}
{"condition": "noise_snr10", "prompt_variant": "expanded", "slurp_id": 11160, "gold_intent": "lists_remove", "gold_sentence": "i don't want eggs", "transcription": "I didn't want that.", "asr_model": "mlx-community/whisper-large-v3-turbo", "wer": null, "predicted_intent_raw": "unknown", "predicted_intent": "unknown", "predicted_parameters": {}, "tsa": 0}
{"condition": "noise_snr10", "prompt_variant": "expanded", "slurp_id": 7753, "gold_intent": "calendar_query", "gold_sentence": "what do i have to do on monday", "transcription": "I have to do a Monday.", "asr_model": "mlx-community/whisper-large-v3-turbo", "wer": null, "predicted_intent_raw": "unknown", "predicted_intent": "unknown", "predicted_parameters": {}, "tsa": 0}
{"condition": "noise_snr10", "prompt_variant": "expanded", "slurp_id": 10666, "gold_intent": "lists_query", "gold_sentence": "read the list", "transcription": "Wait till it.", "asr_model": "mlx-community/whisper-large-v3-turbo", "wer": null, "predicted_intent_raw": "unknown", "predicted_intent": "unknown", "predicted_parameters": {}, "tsa": 0}
{"condition": "noise_snr10", "prompt_variant": "expanded", "slurp_id": 10741, "gold_intent": "lists_createoradd", "gold_sentence": "add something to my list", "transcription": "This is my list.", "asr_model": "mlx-community/whisper-large-v3-turbo", "wer": null, "predicted_intent_raw": "lists_query", "predicted_intent": "lists_query", "predicted_parameters": {}, "tsa": 0}
{"condition": "noise_snr10", "prompt_variant": "expanded", "slurp_id": 8146, "gold_intent": "calendar_remove", "gold_sentence": "cancel my meeting on the fourteenth", "transcription": "Cancel my meeting on the 14th.", "asr_model": "mlx-community/whisper-large-v3-turbo", "wer": null, "predicted_intent_raw": "calendar_remove", "predicted_intent": "calendar_remove", "predicted_parameters": {"date": "14th"}, "tsa": 1}
{"condition": "noise_snr10", "prompt_variant": "expanded", "slurp_id": 8802, "gold_intent": "calendar_set", "gold_sentence": "please remind me of", "transcription": "Please remind me of...", "asr_model": "mlx-community/whisper-large-v3-turbo", "wer": null, "predicted_intent_raw": "unknown", "predicted_intent": "unknown", "predicted_parameters": {}, "tsa": 0}
{"condition": "noise_snr10", "prompt_variant": "expanded", "slurp_id": 10901, "gold_intent": "lists_createoradd", "gold_sentence": "create a new list of", "transcription": "Great new list of", "asr_model": "mlx-community/whisper-large-v3-turbo", "wer": null, "predicted_intent_raw": "lists_createoradd", "predicted_intent": "lists_createoradd", "predicted_parameters": {}, "tsa": 1}
{"condition": "noise_snr10", "prompt_variant": "expanded", "slurp_id": 7852, "gold_intent": "calendar_set", "gold_sentence": "add event baseball practice five pm tonight", "transcription": "At event, baseball practice, 5pm tonight.", "asr_model": "mlx-community/whisper-large-v3-turbo", "wer": null, "predicted_intent_raw": "calendar_set", "predicted_intent": "calendar_set", "predicted_parameters": {"event_name": "baseball practice", "time": "5:00 PM", "date": "tonight"}, "tsa": 1}
{"condition": "noise_snr10", "prompt_variant": "expanded", "slurp_id": 10883, "gold_intent": "lists_remove", "gold_sentence": "please tell me how can i remove the item", "transcription": "Please tell me how can you remove the item?", "asr_model": "mlx-community/whisper-large-v3-turbo", "wer": null, "predicted_intent_raw": "unknown", "predicted_intent": "unknown", "predicted_parameters": {}, "tsa": 0}
{"condition": "noise_snr10", "prompt_variant": "expanded", "slurp_id": 7174, "gold_intent": "calendar_remove", "gold_sentence": "cancel", "transcription": "Cancel.", "asr_model": "mlx-community/whisper-large-v3-turbo", "wer": null, "predicted_intent_raw": "unknown", "predicted_intent": "unknown", "predicted_parameters": {}, "tsa": 0}
{"condition": "noise_snr10", "prompt_variant": "expanded", "slurp_id": 10521, "gold_intent": "lists_remove", "gold_sentence": "erase my old english songs list", "transcription": "Here is my Old English songs list.", "asr_model": "mlx-community/whisper-large-v3-turbo", "wer": null, "predicted_intent_raw": "lists_query", "predicted_intent": "lists_query", "predicted_parameters": {"list_name": "Old English songs"}, "tsa": 0}
{"condition": "noise_snr10", "prompt_variant": "expanded", "slurp_id": 7631, "gold_intent": "calendar_set", "gold_sentence": "set twelve noon prayer for every friday", "transcription": "Step 12 noon prayer for every Friday", "asr_model": "mlx-community/whisper-large-v3-turbo", "wer": null, "predicted_intent_raw": "alarm_set", "predicted_intent": "alarm_set", "predicted_parameters": {"time": "12:00 PM", "date": "every Friday"}, "tsa": 0}
{"condition": "noise_snr10", "prompt_variant": "expanded", "slurp_id": 10648, "gold_intent": "lists_createoradd", "gold_sentence": "add grocery to list", "transcription": "Add grocery to list.", "asr_model": "mlx-community/whisper-large-v3-turbo", "wer": null, "predicted_intent_raw": "lists_createoradd", "predicted_intent": "lists_createoradd", "predicted_parameters": {"item_name": "grocery"}, "tsa": 1}
{"condition": "noise_snr10", "prompt_variant": "expanded", "slurp_id": 2720, "gold_intent": "alarm_set", "gold_sentence": "set an alarm for five thirty", "transcription": "Set an alarm for 5.30", "asr_model": "mlx-community/whisper-large-v3-turbo", "wer": null, "predicted_intent_raw": "alarm_set", "predicted_intent": "alarm_set", "predicted_parameters": {"time": "5:30"}, "tsa": 1}
{"condition": "noise_snr10", "prompt_variant": "expanded", "slurp_id": 7445, "gold_intent": "calendar_set", "gold_sentence": "please create an event with only these people", "transcription": "create an event with only these people.", "asr_model": "mlx-community/whisper-large-v3-turbo", "wer": null, "predicted_intent_raw": "calendar_set", "predicted_intent": "calendar_set", "predicted_parameters": {}, "tsa": 1}
{"condition": "noise_snr10", "prompt_variant": "expanded", "slurp_id": 3463, "gold_intent": "alarm_set", "gold_sentence": "i would like a wake up alarm at seven am tomorrow", "transcription": "I would like to wake up alarm at 7am", "asr_model": "mlx-community/whisper-large-v3-turbo", "wer": null, "predicted_intent_raw": "alarm_set", "predicted_intent": "alarm_set", "predicted_parameters": {"time": "7:00 AM"}, "tsa": 1}
{"condition": "noise_snr10", "prompt_variant": "expanded", "slurp_id": 8258, "gold_intent": "calendar_query", "gold_sentence": "more about the concert in st pete", "transcription": "more about the concert in St. Keith.", "asr_model": "mlx-community/whisper-large-v3-turbo", "wer": null, "predicted_intent_raw": "unknown", "predicted_intent": "unknown", "predicted_parameters": {}, "tsa": 0}
{"condition": "noise_snr10", "prompt_variant": "expanded", "slurp_id": 8655, "gold_intent": "calendar_set", "gold_sentence": "add an event starting at three pm in goshen new york on may fifth for dan's graduation", "transcription": "At an event starting at 3 p.m. in Boston, New York on May 5th for dance graduation.", "asr_model": "mlx-community/whisper-large-v3-turbo", "wer": null, "predicted_intent_raw": "calendar_set", "predicted_intent": "calendar_set", "predicted_parameters": {"event_name": "dance graduation", "time": "3:00 PM", "date": "May 5th", "location": "Boston, New York"}, "tsa": 1}
{"condition": "noise_snr10", "prompt_variant": "expanded", "slurp_id": 8152, "gold_intent": "calendar_query", "gold_sentence": "give me information about the concert on tuesday night", "transcription": "Give me information about the concert on Tuesday night.", "asr_model": "mlx-community/whisper-large-v3-turbo", "wer": null, "predicted_intent_raw": "calendar_query", "predicted_intent": "calendar_query", "predicted_parameters": {"date": "Tuesday night"}, "tsa": 1}
{"condition": "noise_snr10", "prompt_variant": "expanded", "slurp_id": 10728, "gold_intent": "lists_query", "gold_sentence": "display available lists", "transcription": "Play Available Lift.", "asr_model": "mlx-community/whisper-large-v3-turbo", "wer": null, "predicted_intent_raw": "unknown", "predicted_intent": "unknown", "predicted_parameters": {}, "tsa": 0}
{"condition": "noise_snr10", "prompt_variant": "expanded", "slurp_id": 10925, "gold_intent": "lists_createoradd", "gold_sentence": "create a new list of my pending bills", "transcription": "New... New... New... New lease for my pending bill.", "asr_model": "mlx-community/whisper-large-v3-turbo", "wer": null, "predicted_intent_raw": "unknown", "predicted_intent": "unknown", "predicted_parameters": {}, "tsa": 0}
{"condition": "noise_snr10", "prompt_variant": "expanded", "slurp_id": 7101, "gold_intent": "calendar_set", "gold_sentence": "let me know the morning of my doctor appointment on the twelfth", "transcription": "Let me know the morning of my daughter's appointment on the 12th.", "asr_model": "mlx-community/whisper-large-v3-turbo", "wer": null, "predicted_intent_raw": "calendar_query", "predicted_intent": "calendar_query", "predicted_parameters": {"date": "12th"}, "tsa": 0}
{"condition": "noise_snr10", "prompt_variant": "expanded", "slurp_id": 11022, "gold_intent": "lists_remove", "gold_sentence": "we're out of paint so take bathroom painting off the list", "transcription": "We are out of paint, so take bottom printing off the list.", "asr_model": "mlx-community/whisper-large-v3-turbo", "wer": null, "predicted_intent_raw": "lists_remove", "predicted_intent": "lists_remove", "predicted_parameters": {"item_name": "bottom printing"}, "tsa": 1}
{"condition": "noise_snr10", "prompt_variant": "expanded", "slurp_id": 7309, "gold_intent": "calendar_query", "gold_sentence": "what is my first appointment today", "transcription": "What is my first appointment day?", "asr_model": "mlx-community/whisper-large-v3-turbo", "wer": null, "predicted_intent_raw": "calendar_query", "predicted_intent": "calendar_query", "predicted_parameters": {"date": "first appointment"}, "tsa": 1}
{"condition": "noise_snr10", "prompt_variant": "expanded", "slurp_id": 8848, "gold_intent": "calendar_set", "gold_sentence": "please tell me to take my umbrella because it will be very hot today", "transcription": "Please tell me to take my umbrella because it will be very hot today.", "asr_model": "mlx-community/whisper-large-v3-turbo", "wer": null, "predicted_intent_raw": "unknown", "predicted_intent": "unknown", "predicted_parameters": {}, "tsa": 0}
{"condition": "noise_snr10", "prompt_variant": "expanded", "slurp_id": 4318, "gold_intent": "alarm_set", "gold_sentence": "wake me up at ten", "transcription": "Look me up at 10", "asr_model": "mlx-community/whisper-large-v3-turbo", "wer": null, "predicted_intent_raw": "unknown", "predicted_intent": "unknown", "predicted_parameters": {}, "tsa": 0}
{"condition": "noise_snr10", "prompt_variant": "expanded", "slurp_id": 7112, "gold_intent": "calendar_query", "gold_sentence": "when is that meeting with my boss next week", "transcription": "That meeting with my boss next week.", "asr_model": "mlx-community/whisper-large-v3-turbo", "wer": null, "predicted_intent_raw": "calendar_query", "predicted_intent": "calendar_query", "predicted_parameters": {"date": "next week"}, "tsa": 1}
{"condition": "noise_snr10", "prompt_variant": "expanded", "slurp_id": 8385, "gold_intent": "calendar_query", "gold_sentence": "is this week a payday week", "transcription": "Is this week a payday week?", "asr_model": "mlx-community/whisper-large-v3-turbo", "wer": null, "predicted_intent_raw": "unknown", "predicted_intent": "unknown", "predicted_parameters": {}, "tsa": 0}
{"condition": "noise_snr10", "prompt_variant": "expanded", "slurp_id": 8863, "gold_intent": "calendar_remove", "gold_sentence": "please delete all reminder of sunday", "transcription": "Please delete all reminders of Sunday.", "asr_model": "mlx-community/whisper-large-v3-turbo", "wer": null, "predicted_intent_raw": "alarm_remove", "predicted_intent": "alarm_remove", "predicted_parameters": {"date": "Sunday"}, "tsa": 0}
{"condition": "noise_snr10", "prompt_variant": "expanded", "slurp_id": 8729, "gold_intent": "calendar_set", "gold_sentence": "set a weekly appointment reminder", "transcription": "Set a weekly appointment reminder.", "asr_model": "mlx-community/whisper-large-v3-turbo", "wer": null, "predicted_intent_raw": "calendar_set", "predicted_intent": "calendar_set", "predicted_parameters": {}, "tsa": 1}
{"condition": "noise_snr10", "prompt_variant": "expanded", "slurp_id": 7104, "gold_intent": "calendar_set", "gold_sentence": "make a calendar entry for brunch on saturday morning with chris kimberly and aaronson", "transcription": "Make a calendar entry for brunch on Saturday morning with Chris, Kimberly and Aaron", "asr_model": "mlx-community/whisper-large-v3-turbo", "wer": null, "predicted_intent_raw": "calendar_set", "predicted_intent": "calendar_set", "predicted_parameters": {"event_name": "brunch", "date": "Saturday", "person": "Chris, Kimberly and Aaron"}, "tsa": 1}
{"condition": "noise_snr10", "prompt_variant": "expanded", "slurp_id": 7065, "gold_intent": "calendar_query", "gold_sentence": "what events are in my calendar for today", "transcription": "What events are in my calendar for today?", "asr_model": "mlx-community/whisper-large-v3-turbo", "wer": null, "predicted_intent_raw": "calendar_query", "predicted_intent": "calendar_query", "predicted_parameters": {"date": "today"}, "tsa": 1}
{"condition": "noise_snr10", "prompt_variant": "expanded", "slurp_id": 9013, "gold_intent": "calendar_set", "gold_sentence": "remind me on fifth april there is a meeting with boss", "transcription": "Remind me, on 5th April there is a meeting with boss.", "asr_model": "mlx-community/whisper-large-v3-turbo", "wer": null, "predicted_intent_raw": "calendar_set", "predicted_intent": "calendar_set", "predicted_parameters": {"event_name": "meeting with boss", "date": "5th April"}, "tsa": 1}
{"condition": "noise_snr10", "prompt_variant": "expanded", "slurp_id": 3151, "gold_intent": "alarm_remove", "gold_sentence": "remove my early alarms", "transcription": "Remove my early alarm.", "asr_model": "mlx-community/whisper-large-v3-turbo", "wer": null, "predicted_intent_raw": "alarm_remove", "predicted_intent": "alarm_remove", "predicted_parameters": {}, "tsa": 1}
{"condition": "noise_snr10", "prompt_variant": "expanded", "slurp_id": 601, "gold_intent": "alarm_set", "gold_sentence": "start alarm", "transcription": "to alarm.", "asr_model": "mlx-community/whisper-large-v3-turbo", "wer": null, "predicted_intent_raw": "alarm_query", "predicted_intent": "alarm_query", "predicted_parameters": {}, "tsa": 0}
{"condition": "noise_snr10", "prompt_variant": "expanded", "slurp_id": 7517, "gold_intent": "calendar_set", "gold_sentence": "schedule a meeting on tuesday", "transcription": "Schedule meeting on secure space.", "asr_model": "mlx-community/whisper-large-v3-turbo", "wer": null, "predicted_intent_raw": "calendar_set", "predicted_intent": "calendar_set", "predicted_parameters": {"event_name": "secure space"}, "tsa": 1}
{"condition": "noise_snr10", "prompt_variant": "expanded", "slurp_id": 10886, "gold_intent": "lists_query", "gold_sentence": "can i check my lists", "transcription": "Can I check my lists?", "asr_model": "mlx-community/whisper-large-v3-turbo", "wer": null, "predicted_intent_raw": "lists_query", "predicted_intent": "lists_query", "predicted_parameters": {}, "tsa": 1}
{"condition": "noise_snr10", "prompt_variant": "expanded", "slurp_id": 7007, "gold_intent": "calendar_set", "gold_sentence": "set an appointment for allen on tomorrow", "transcription": "Set an appointment for Alan tomorrow", "asr_model": "mlx-community/whisper-large-v3-turbo", "wer": null, "predicted_intent_raw": "calendar_set", "predicted_intent": "calendar_set", "predicted_parameters": {"person": "Alan", "date": "tomorrow"}, "tsa": 1}
{"condition": "noise_snr10", "prompt_variant": "expanded", "slurp_id": 8834, "gold_intent": "calendar_remove", "gold_sentence": "remove all my meetings for the rest of the week", "transcription": "I've moved all my meetings for the rest of the week.", "asr_model": "mlx-community/whisper-large-v3-turbo", "wer": null, "predicted_intent_raw": "calendar_remove", "predicted_intent": "calendar_remove", "predicted_parameters": {"date": "rest of the week"}, "tsa": 1}
{"condition": "noise_snr10", "prompt_variant": "expanded", "slurp_id": 538, "gold_intent": "alarm_set", "gold_sentence": "set an alarm for one pm", "transcription": "Set an alarm for one minute.", "asr_model": "mlx-community/whisper-large-v3-turbo", "wer": null, "predicted_intent_raw": "alarm_set", "predicted_intent": "alarm_set", "predicted_parameters": {"time": "1 minute"}, "tsa": 1}
{"condition": "noise_snr10", "prompt_variant": "expanded", "slurp_id": 7351, "gold_intent": "calendar_set", "gold_sentence": "in the calendar put that we are having dinner with frank at eight pm on the ninth of august", "transcription": "In the calendar, put that we are having dinner with Frank at 8pm on the 9th of August.", "asr_model": "mlx-community/whisper-large-v3-turbo", "wer": null, "predicted_intent_raw": "calendar_set", "predicted_intent": "calendar_set", "predicted_parameters": {"event_name": "dinner with Frank", "time": "8:00 PM", "date": "9th of August"}, "tsa": 1}
{"condition": "noise_snr10", "prompt_variant": "expanded", "slurp_id": 8046, "gold_intent": "calendar_query", "gold_sentence": "how many meetings do i have next week", "transcription": "How many meetings do I have next week?", "asr_model": "mlx-community/whisper-large-v3-turbo", "wer": null, "predicted_intent_raw": "calendar_query", "predicted_intent": "calendar_query", "predicted_parameters": {"date": "next week"}, "tsa": 1}
{"condition": "noise_snr10", "prompt_variant": "expanded", "slurp_id": 6881, "gold_intent": "calendar_query", "gold_sentence": "when is the next appointment on my calendar", "transcription": "When is the next appointment on my calendar?", "asr_model": "mlx-community/whisper-large-v3-turbo", "wer": null, "predicted_intent_raw": "calendar_query", "predicted_intent": "calendar_query", "predicted_parameters": {}, "tsa": 1}
{"condition": "noise_snr10", "prompt_variant": "expanded", "slurp_id": 11047, "gold_intent": "lists_remove", "gold_sentence": "remove last played song", "transcription": "Last played solo.", "asr_model": "mlx-community/whisper-large-v3-turbo", "wer": null, "predicted_intent_raw": "unknown", "predicted_intent": "unknown", "predicted_parameters": {}, "tsa": 0}
{"condition": "noise_snr10", "prompt_variant": "expanded", "slurp_id": 8859, "gold_intent": "calendar_query", "gold_sentence": "what is my schedule for june fourteenth two thousand and seventeen", "transcription": "What is my schedule for June 14, 2017?", "asr_model": "mlx-community/whisper-large-v3-turbo", "wer": null, "predicted_intent_raw": "calendar_query", "predicted_intent": "calendar_query", "predicted_parameters": {"date": "June 14, 2017"}, "tsa": 1}
{"condition": "noise_snr10", "prompt_variant": "expanded", "slurp_id": 937, "gold_intent": "alarm_remove", "gold_sentence": "phones", "transcription": "Close.", "asr_model": "mlx-community/whisper-large-v3-turbo", "wer": null, "predicted_intent_raw": "unknown", "predicted_intent": "unknown", "predicted_parameters": {}, "tsa": 0}
{"condition": "noise_snr10", "prompt_variant": "expanded", "slurp_id": 8270, "gold_intent": "calendar_set", "gold_sentence": "notification of meeting on wednesday", "transcription": "notification at the meeting on Wednesday", "asr_model": "mlx-community/whisper-large-v3-turbo", "wer": null, "predicted_intent_raw": "unknown", "predicted_intent": "unknown", "predicted_parameters": {}, "tsa": 0}
{"condition": "noise_snr10", "prompt_variant": "expanded", "slurp_id": 10746, "gold_intent": "lists_remove", "gold_sentence": "remove that item from my list", "transcription": "Remove that item from my lips.", "asr_model": "mlx-community/whisper-large-v3-turbo", "wer": null, "predicted_intent_raw": "lists_remove", "predicted_intent": "lists_remove", "predicted_parameters": {"item_name": "lips"}, "tsa": 1}
{"condition": "noise_snr10", "prompt_variant": "expanded", "slurp_id": 10450, "gold_intent": "lists_query", "gold_sentence": "what is on my shopping list today", "transcription": "where they sell my shopping list today", "asr_model": "mlx-community/whisper-large-v3-turbo", "wer": null, "predicted_intent_raw": "lists_query", "predicted_intent": "lists_query", "predicted_parameters": {"list_name": "shopping"}, "tsa": 1}
{"condition": "noise_snr10", "prompt_variant": "expanded", "slurp_id": 8208, "gold_intent": "calendar_query", "gold_sentence": "what time is the evening meeting i have with john", "transcription": "What time is the evening meeting I had with John?", "asr_model": "mlx-community/whisper-large-v3-turbo", "wer": null, "predicted_intent_raw": "calendar_query", "predicted_intent": "calendar_query", "predicted_parameters": {"event_name": "evening meeting", "person": "John"}, "tsa": 1}
{"condition": "noise_snr10", "prompt_variant": "expanded", "slurp_id": 11041, "gold_intent": "lists_createoradd", "gold_sentence": "remind me to order more soap", "transcription": "Remind me to order some soap.", "asr_model": "mlx-community/whisper-large-v3-turbo", "wer": null, "predicted_intent_raw": "alarm_set", "predicted_intent": "alarm_set", "predicted_parameters": {"item_name": "order some soap"}, "tsa": 0}
{"condition": "noise_snr10", "prompt_variant": "expanded", "slurp_id": 10532, "gold_intent": "lists_query", "gold_sentence": "what were the last five lists i made", "transcription": "Oh my love partner", "asr_model": "mlx-community/whisper-large-v3-turbo", "wer": null, "predicted_intent_raw": "unknown", "predicted_intent": "unknown", "predicted_parameters": {}, "tsa": 0}
{"condition": "noise_snr10", "prompt_variant": "expanded", "slurp_id": 9040, "gold_intent": "calendar_remove", "gold_sentence": "make blank on july three calendar", "transcription": "Make blank on July 3rd calendar.", "asr_model": "mlx-community/whisper-large-v3-turbo", "wer": null, "predicted_intent_raw": "calendar_remove", "predicted_intent": "calendar_remove", "predicted_parameters": {"date": "July 3rd"}, "tsa": 1}
{"condition": "noise_snr10", "prompt_variant": "expanded", "slurp_id": 9144, "gold_intent": "calendar_set", "gold_sentence": "remind me that i have an appointment twelve o clock on saturday", "transcription": "Remind me that I have an appointment 12 o'clock on Saturday.", "asr_model": "mlx-community/whisper-large-v3-turbo", "wer": null, "predicted_intent_raw": "alarm_set", "predicted_intent": "alarm_set", "predicted_parameters": {"time": "12:00 PM Saturday"}, "tsa": 0}
{"condition": "noise_snr10", "prompt_variant": "expanded", "slurp_id": 7747, "gold_intent": "calendar_remove", "gold_sentence": "remove all data from my calendar", "transcription": "I've all dated for my calendar.", "asr_model": "mlx-community/whisper-large-v3-turbo", "wer": null, "predicted_intent_raw": "calendar_query", "predicted_intent": "calendar_query", "predicted_parameters": {}, "tsa": 0}
{"condition": "noise_snr10", "prompt_variant": "expanded", "slurp_id": 7474, "gold_intent": "calendar_set", "gold_sentence": "remember to fix a meeting between me and the players tomorrow evening by seven", "transcription": "I'm going to fix the meeting between me and the players tomorrow evening by 7pm.", "asr_model": "mlx-community/whisper-large-v3-turbo", "wer": null, "predicted_intent_raw": "calendar_set", "predicted_intent": "calendar_set", "predicted_parameters": {"event_name": "meeting", "person": "players", "date": "tomorrow", "time": "7:00 PM"}, "tsa": 1}
{"condition": "noise_snr10", "prompt_variant": "expanded", "slurp_id": 6760, "gold_intent": "calendar_remove", "gold_sentence": "cancel my five pm daily call", "transcription": "cancel my 5 p.m. daily call", "asr_model": "mlx-community/whisper-large-v3-turbo", "wer": null, "predicted_intent_raw": "calendar_remove", "predicted_intent": "calendar_remove", "predicted_parameters": {"time": "5:00 PM", "event_name": "daily call"}, "tsa": 1}
{"condition": "noise_snr10", "prompt_variant": "expanded", "slurp_id": 7846, "gold_intent": "calendar_query", "gold_sentence": "what reminders are coming up this week", "transcription": "What reminders are coming up for this year?", "asr_model": "mlx-community/whisper-large-v3-turbo", "wer": null, "predicted_intent_raw": "alarm_query", "predicted_intent": "alarm_query", "predicted_parameters": {"time": "this year"}, "tsa": 0}
{"condition": "noise_snr10", "prompt_variant": "expanded", "slurp_id": 7653, "gold_intent": "calendar_set", "gold_sentence": "don't forget to remind me of my brother's birthday on april twenty", "transcription": "Don't forget to remind me of my brother's birthday on April 20th.", "asr_model": "mlx-community/whisper-large-v3-turbo", "wer": null, "predicted_intent_raw": "alarm_set", "predicted_intent": "alarm_set", "predicted_parameters": {"time": "April 20th", "person": "brother"}, "tsa": 0}
{"condition": "noise_snr10", "prompt_variant": "expanded", "slurp_id": 7131, "gold_intent": "calendar_remove", "gold_sentence": "delete the wedding on the tenth from my calendar", "transcription": "Delete the wedding on the 10th from my calendar.", "asr_model": "mlx-community/whisper-large-v3-turbo", "wer": null, "predicted_intent_raw": "calendar_remove", "predicted_intent": "calendar_remove", "predicted_parameters": {"event_name": "wedding", "date": "10th"}, "tsa": 1}
{"condition": "noise_snr10", "prompt_variant": "expanded", "slurp_id": 8047, "gold_intent": "calendar_set", "gold_sentence": "on february fourteenth make dinner reservations at the restaurant", "transcription": "for games made dinner reservations at the restaurant.", "asr_model": "mlx-community/whisper-large-v3-turbo", "wer": null, "predicted_intent_raw": "calendar_set", "predicted_intent": "calendar_set", "predicted_parameters": {"event_name": "dinner reservations at the restaurant", "person": "games"}, "tsa": 1}
{"condition": "noise_snr10", "prompt_variant": "expanded", "slurp_id": 8938, "gold_intent": "calendar_set", "gold_sentence": "john marriage anniversary", "transcription": "Paris Anniversary", "asr_model": "mlx-community/whisper-large-v3-turbo", "wer": null, "predicted_intent_raw": "unknown", "predicted_intent": "unknown", "predicted_parameters": {}, "tsa": 0}
{"condition": "noise_snr10", "prompt_variant": "expanded", "slurp_id": 7688, "gold_intent": "calendar_query", "gold_sentence": "do i have any reminders pending", "transcription": "I have any reminders pending.", "asr_model": "mlx-community/whisper-large-v3-turbo", "wer": null, "predicted_intent_raw": "alarm_query", "predicted_intent": "alarm_query", "predicted_parameters": {}, "tsa": 0}
{"condition": "noise_snr10", "prompt_variant": "expanded", "slurp_id": 8668, "gold_intent": "calendar_query", "gold_sentence": "in the last year how many hours have i been in meetings", "transcription": "In the last year, how many hours have I been in meetings?", "asr_model": "mlx-community/whisper-large-v3-turbo", "wer": null, "predicted_intent_raw": "unknown", "predicted_intent": "unknown", "predicted_parameters": {}, "tsa": 0}
{"condition": "noise_snr10", "prompt_variant": "expanded", "slurp_id": 4317, "gold_intent": "alarm_set", "gold_sentence": "set an alarm for ten o'clock tomorrow morning", "transcription": "Set on alarm for 10 o'clock tomorrow morning.", "asr_model": "mlx-community/whisper-large-v3-turbo", "wer": null, "predicted_intent_raw": "alarm_set", "predicted_intent": "alarm_set", "predicted_parameters": {"time": "10:00 AM tomorrow"}, "tsa": 1}
{"condition": "noise_snr10", "prompt_variant": "expanded", "slurp_id": 9008, "gold_intent": "calendar_remove", "gold_sentence": "remove birthday event from my calendar", "transcription": "move what they went from my calendar", "asr_model": "mlx-community/whisper-large-v3-turbo", "wer": null, "predicted_intent_raw": "calendar_remove", "predicted_intent": "calendar_remove", "predicted_parameters": {}, "tsa": 1}
{"condition": "noise_snr10", "prompt_variant": "expanded", "slurp_id": 4198, "gold_intent": "alarm_remove", "gold_sentence": "remove the alarm set for four hundred am", "transcription": "Remove the alarm sets for 400 AM.", "asr_model": "mlx-community/whisper-large-v3-turbo", "wer": null, "predicted_intent_raw": "alarm_remove", "predicted_intent": "alarm_remove", "predicted_parameters": {"time": "4:00 AM"}, "tsa": 1}
{"condition": "noise_snr10", "prompt_variant": "expanded", "slurp_id": 10629, "gold_intent": "lists_remove", "gold_sentence": "please remove this item from the list", "transcription": "Please remove this item from the list.", "asr_model": "mlx-community/whisper-large-v3-turbo", "wer": null, "predicted_intent_raw": "lists_remove", "predicted_intent": "lists_remove", "predicted_parameters": {}, "tsa": 1}
{"condition": "noise_snr10", "prompt_variant": "expanded", "slurp_id": 6823, "gold_intent": "calendar_set", "gold_sentence": "olly i want to go to the outdoor movie screening this weekend remind me", "transcription": "I want to go to the outdoor movie screen this weekend. Remind me.", "asr_model": "mlx-community/whisper-large-v3-turbo", "wer": null, "predicted_intent_raw": "alarm_set", "predicted_intent": "alarm_set", "predicted_parameters": {"time": "this weekend", "event_name": "outdoor movie screen"}, "tsa": 0}
{"condition": "noise_snr10", "prompt_variant": "expanded", "slurp_id": 10797, "gold_intent": "lists_createoradd", "gold_sentence": "please add milk to the grocery list", "transcription": "Please add milk to the grocery list.", "asr_model": "mlx-community/whisper-large-v3-turbo", "wer": null, "predicted_intent_raw": "lists_createoradd", "predicted_intent": "lists_createoradd", "predicted_parameters": {"item_name": "milk", "list_name": "grocery"}, "tsa": 1}
{"condition": "noise_snr10", "prompt_variant": "expanded", "slurp_id": 9049, "gold_intent": "alarm_set", "gold_sentence": "set an alarm for four pm tuesday", "transcription": "Head on lawn for 4 p.m. Tuesday.", "asr_model": "mlx-community/whisper-large-v3-turbo", "wer": null, "predicted_intent_raw": "calendar_set", "predicted_intent": "calendar_set", "predicted_parameters": {"event_name": "Head on lawn", "time": "4:00 PM", "date": "Tuesday"}, "tsa": 0}
{"condition": "noise_snr10", "prompt_variant": "expanded", "slurp_id": 10767, "gold_intent": "lists_query", "gold_sentence": "are eggs on my shopping list", "transcription": "or X on my shopping list", "asr_model": "mlx-community/whisper-large-v3-turbo", "wer": null, "predicted_intent_raw": "lists_query", "predicted_intent": "lists_query", "predicted_parameters": {"list_name": "shopping"}, "tsa": 1}
{"condition": "noise_snr10", "prompt_variant": "expanded", "slurp_id": 7357, "gold_intent": "calendar_query", "gold_sentence": "what are the list of events in my calendar in march", "transcription": "What are the list of events in my calendar in March?", "asr_model": "mlx-community/whisper-large-v3-turbo", "wer": null, "predicted_intent_raw": "calendar_query", "predicted_intent": "calendar_query", "predicted_parameters": {"date": "March"}, "tsa": 1}
{"condition": "noise_snr10", "prompt_variant": "expanded", "slurp_id": 7064, "gold_intent": "calendar_remove", "gold_sentence": "please delete all of my calendar events for the rest of the day", "transcription": "Please delete all of my Klimda events for the rest of the day.", "asr_model": "mlx-community/whisper-large-v3-turbo", "wer": null, "predicted_intent_raw": "calendar_remove", "predicted_intent": "calendar_remove", "predicted_parameters": {"event_name": "Klimda", "date": "today"}, "tsa": 1}
{"condition": "noise_snr10", "prompt_variant": "expanded", "slurp_id": 10962, "gold_intent": "lists_remove", "gold_sentence": "i don't want this list any more", "transcription": "I don't want this list anymore.", "asr_model": "mlx-community/whisper-large-v3-turbo", "wer": null, "predicted_intent_raw": "lists_remove", "predicted_intent": "lists_remove", "predicted_parameters": {}, "tsa": 1}
{"condition": "noise_snr10", "prompt_variant": "expanded", "slurp_id": 10468, "gold_intent": "lists_createoradd", "gold_sentence": "can you create a new list", "transcription": "Can you create a new list?", "asr_model": "mlx-community/whisper-large-v3-turbo", "wer": null, "predicted_intent_raw": "lists_createoradd", "predicted_intent": "lists_createoradd", "predicted_parameters": {}, "tsa": 1}
{"condition": "noise_snr10", "prompt_variant": "expanded", "slurp_id": 10557, "gold_intent": "lists_query", "gold_sentence": "please show my list", "transcription": "Please show my list.", "asr_model": "mlx-community/whisper-large-v3-turbo", "wer": null, "predicted_intent_raw": "lists_query", "predicted_intent": "lists_query", "predicted_parameters": {}, "tsa": 1}
{"condition": "noise_snr10", "prompt_variant": "expanded", "slurp_id": 4850, "gold_intent": "alarm_set", "gold_sentence": "set an alarm for five minutes from now", "transcription": "Set an alarm for 5 minutes from now.", "asr_model": "mlx-community/whisper-large-v3-turbo", "wer": null, "predicted_intent_raw": "alarm_set", "predicted_intent": "alarm_set", "predicted_parameters": {"time": "5 minutes from now"}, "tsa": 1}
{"condition": "noise_snr10", "prompt_variant": "expanded", "slurp_id": 11076, "gold_intent": "lists_query", "gold_sentence": "what is that on the list", "transcription": "What is that on the list?", "asr_model": "mlx-community/whisper-large-v3-turbo", "wer": null, "predicted_intent_raw": "lists_query", "predicted_intent": "lists_query", "predicted_parameters": {}, "tsa": 1}
{"condition": "noise_snr10", "prompt_variant": "expanded", "slurp_id": 10896, "gold_intent": "lists_remove", "gold_sentence": "remove item from my list", "transcription": "with item from my lift", "asr_model": "mlx-community/whisper-large-v3-turbo", "wer": null, "predicted_intent_raw": "lists_query", "predicted_intent": "lists_query", "predicted_parameters": {"list_name": "lift"}, "tsa": 0}
{"condition": "noise_snr10", "prompt_variant": "expanded", "slurp_id": 5099, "gold_intent": "alarm_remove", "gold_sentence": "olly cancel alarms", "transcription": "Cancel alarm.", "asr_model": "mlx-community/whisper-large-v3-turbo", "wer": null, "predicted_intent_raw": "alarm_remove", "predicted_intent": "alarm_remove", "predicted_parameters": {}, "tsa": 1}
{"condition": "noise_snr10", "prompt_variant": "expanded", "slurp_id": 8953, "gold_intent": "calendar_set", "gold_sentence": "let me know of the meeting on tuesday", "transcription": "Let me know of the reason we see", "asr_model": "mlx-community/whisper-large-v3-turbo", "wer": null, "predicted_intent_raw": "unknown", "predicted_intent": "unknown", "predicted_parameters": {}, "tsa": 0}
{"condition": "noise_snr10", "prompt_variant": "expanded", "slurp_id": 4723, "gold_intent": "alarm_query", "gold_sentence": "list my different alarm", "transcription": "lift my different alarm.", "asr_model": "mlx-community/whisper-large-v3-turbo", "wer": null, "predicted_intent_raw": "alarm_remove", "predicted_intent": "alarm_remove", "predicted_parameters": {}, "tsa": 0}
{"condition": "noise_snr10", "prompt_variant": "expanded", "slurp_id": 8609, "gold_intent": "calendar_set", "gold_sentence": "cancel my meeting with lisa on tuesday and reschedule it for thursday", "transcription": "My meeting with Lisa on Tuesday, I reschedule it for Thursday.", "asr_model": "mlx-community/whisper-large-v3-turbo", "wer": null, "predicted_intent_raw": "calendar_set", "predicted_intent": "calendar_set", "predicted_parameters": {"event_name": "meeting with Lisa", "date": "Thursday"}, "tsa": 1}
{"condition": "noise_snr10", "prompt_variant": "expanded", "slurp_id": 232, "gold_intent": "alarm_set", "gold_sentence": "set an alarm at six in the morning", "transcription": "Set an alarm at 6 in the morning.", "asr_model": "mlx-community/whisper-large-v3-turbo", "wer": null, "predicted_intent_raw": "alarm_set", "predicted_intent": "alarm_set", "predicted_parameters": {"time": "6:00 AM"}, "tsa": 1}
{"condition": "noise_snr10", "prompt_variant": "expanded", "slurp_id": 11065, "gold_intent": "lists_query", "gold_sentence": "hey olly what are my lists", "transcription": "Hey PDA, what are my lists?", "asr_model": "mlx-community/whisper-large-v3-turbo", "wer": null, "predicted_intent_raw": "lists_query", "predicted_intent": "lists_query", "predicted_parameters": {}, "tsa": 1}
{"condition": "noise_snr10", "prompt_variant": "expanded", "slurp_id": 8594, "gold_intent": "calendar_set", "gold_sentence": "schedule an event in my calendar for the pool party at jack's place this saturday", "transcription": "schedule events in my calendar for the full party of just place is", "asr_model": "mlx-community/whisper-large-v3-turbo", "wer": null, "predicted_intent_raw": "calendar_set", "predicted_intent": "calendar_set", "predicted_parameters": {}, "tsa": 1}
{"condition": "noise_snr10", "prompt_variant": "expanded", "slurp_id": 3956, "gold_intent": "alarm_set", "gold_sentence": "alert me in three hours", "transcription": "Only in three hours.", "asr_model": "mlx-community/whisper-large-v3-turbo", "wer": null, "predicted_intent_raw": "alarm_set", "predicted_intent": "alarm_set", "predicted_parameters": {"time": "3 hours"}, "tsa": 1}
{"condition": "noise_snr10", "prompt_variant": "expanded", "slurp_id": 8063, "gold_intent": "calendar_query", "gold_sentence": "when is my next reminder", "transcription": "When is my next reminder?", "asr_model": "mlx-community/whisper-large-v3-turbo", "wer": null, "predicted_intent_raw": "alarm_query", "predicted_intent": "alarm_query", "predicted_parameters": {}, "tsa": 0}
{"condition": "noise_snr10", "prompt_variant": "expanded", "slurp_id": 11045, "gold_intent": "lists_query", "gold_sentence": "open my list", "transcription": "the mallet", "asr_model": "mlx-community/whisper-large-v3-turbo", "wer": null, "predicted_intent_raw": "unknown", "predicted_intent": "unknown", "predicted_parameters": {}, "tsa": 0}
{"condition": "reverb_snr10", "prompt_variant": "primary", "slurp_id": 7043, "gold_intent": "alarm_set", "gold_sentence": "set an alarm for two hours from now please", "transcription": "Settle along for two hours from now please.", "asr_model": "mlx-community/whisper-large-v3-turbo", "wer": null, "predicted_intent_raw": "calendar_set", "predicted_intent": "calendar_set", "predicted_parameters": {"time": "2 hours from now"}, "tsa": 0}
{"condition": "reverb_snr10", "prompt_variant": "primary", "slurp_id": 9136, "gold_intent": "calendar_query", "gold_sentence": "any meeting on friday", "transcription": "Any video?", "asr_model": "mlx-community/whisper-large-v3-turbo", "wer": null, "predicted_intent_raw": "unknown", "predicted_intent": "unknown", "predicted_parameters": {}, "tsa": 0}
{"condition": "reverb_snr10", "prompt_variant": "primary", "slurp_id": 8272, "gold_intent": "calendar_set", "gold_sentence": "add my upcoming meeting to my calendar", "transcription": "at my upcoming meeting to my calendar", "asr_model": "mlx-community/whisper-large-v3-turbo", "wer": null, "predicted_intent_raw": "calendar_set", "predicted_intent": "calendar_set", "predicted_parameters": {}, "tsa": 1}
{"condition": "reverb_snr10", "prompt_variant": "primary", "slurp_id": 10973, "gold_intent": "lists_createoradd", "gold_sentence": "create a new list for school supplies", "transcription": "Create a new list for school supplies.", "asr_model": "mlx-community/whisper-large-v3-turbo", "wer": null, "predicted_intent_raw": "lists_createoradd", "predicted_intent": "lists_createoradd", "predicted_parameters": {"list_name": "school supplies"}, "tsa": 1}
{"condition": "reverb_snr10", "prompt_variant": "primary", "slurp_id": 4853, "gold_intent": "alarm_set", "gold_sentence": "please set my alarm", "transcription": "Please get my alarm.", "asr_model": "mlx-community/whisper-large-v3-turbo", "wer": null, "predicted_intent_raw": "alarm_query", "predicted_intent": "alarm_query", "predicted_parameters": {}, "tsa": 0}
{"condition": "reverb_snr10", "prompt_variant": "primary", "slurp_id": 10754, "gold_intent": "lists_query", "gold_sentence": "read back what i put on my to do list for this week", "transcription": "PDA, read back what I put on my to-do list for this week.", "asr_model": "mlx-community/whisper-large-v3-turbo", "wer": null, "predicted_intent_raw": "lists_query", "predicted_intent": "lists_query", "predicted_parameters": {"list_name": "to-do"}, "tsa": 1}
{"condition": "reverb_snr10", "prompt_variant": "primary", "slurp_id": 6751, "gold_intent": "calendar_query", "gold_sentence": "when is my next meeting", "transcription": "This is my next meeting.", "asr_model": "mlx-community/whisper-large-v3-turbo", "wer": null, "predicted_intent_raw": "calendar_query", "predicted_intent": "calendar_query", "predicted_parameters": {}, "tsa": 1}
{"condition": "reverb_snr10", "prompt_variant": "primary", "slurp_id": 10806, "gold_intent": "lists_query", "gold_sentence": "will you please show me my lists", "transcription": "Will you please show me my lists?", "asr_model": "mlx-community/whisper-large-v3-turbo", "wer": null, "predicted_intent_raw": "lists_query", "predicted_intent": "lists_query", "predicted_parameters": {}, "tsa": 1}
{"condition": "reverb_snr10", "prompt_variant": "primary", "slurp_id": 6827, "gold_intent": "calendar_query", "gold_sentence": "have you added a meeting with tom tomorrow at nine pm", "transcription": "Have you ended a meeting with Tom tomorrow at 9.00 a.m.", "asr_model": "mlx-community/whisper-large-v3-turbo", "wer": null, "predicted_intent_raw": "calendar_query", "predicted_intent": "calendar_query", "predicted_parameters": {"person": "Tom", "date": "tomorrow", "time": "9:00 AM"}, "tsa": 1}
{"condition": "reverb_snr10", "prompt_variant": "primary", "slurp_id": 8873, "gold_intent": "calendar_set", "gold_sentence": "remember dinner on thursday at bistro italia", "transcription": "Remember dinner on Thursday at Bisto Italia.", "asr_model": "mlx-community/whisper-large-v3-turbo", "wer": null, "predicted_intent_raw": "calendar_set", "predicted_intent": "calendar_set", "predicted_parameters": {"event_name": "dinner", "date": "Thursday", "location": "Bisto Italia"}, "tsa": 1}
{"condition": "reverb_snr10", "prompt_variant": "primary", "slurp_id": 11160, "gold_intent": "lists_remove", "gold_sentence": "i don't want eggs", "transcription": "I don't want that.", "asr_model": "mlx-community/whisper-large-v3-turbo", "wer": null, "predicted_intent_raw": "unknown", "predicted_intent": "unknown", "predicted_parameters": {}, "tsa": 0}
{"condition": "reverb_snr10", "prompt_variant": "primary", "slurp_id": 7753, "gold_intent": "calendar_query", "gold_sentence": "what do i have to do on monday", "transcription": "I have to do a moment.", "asr_model": "mlx-community/whisper-large-v3-turbo", "wer": null, "predicted_intent_raw": "unknown", "predicted_intent": "unknown", "predicted_parameters": {}, "tsa": 0}
{"condition": "reverb_snr10", "prompt_variant": "primary", "slurp_id": 10666, "gold_intent": "lists_query", "gold_sentence": "read the list", "transcription": "With the last", "asr_model": "mlx-community/whisper-large-v3-turbo", "wer": null, "predicted_intent_raw": "unknown", "predicted_intent": "unknown", "predicted_parameters": {}, "tsa": 0}
{"condition": "reverb_snr10", "prompt_variant": "primary", "slurp_id": 10741, "gold_intent": "lists_createoradd", "gold_sentence": "add something to my list", "transcription": "It's an optimal list.", "asr_model": "mlx-community/whisper-large-v3-turbo", "wer": null, "predicted_intent_raw": "unknown", "predicted_intent": "unknown", "predicted_parameters": {}, "tsa": 0}
{"condition": "reverb_snr10", "prompt_variant": "primary", "slurp_id": 8146, "gold_intent": "calendar_remove", "gold_sentence": "cancel my meeting on the fourteenth", "transcription": "Council my meeting on the 14th.", "asr_model": "mlx-community/whisper-large-v3-turbo", "wer": null, "predicted_intent_raw": "calendar_set", "predicted_intent": "calendar_set", "predicted_parameters": {"date": "14th"}, "tsa": 0}
{"condition": "reverb_snr10", "prompt_variant": "primary", "slurp_id": 8802, "gold_intent": "calendar_set", "gold_sentence": "please remind me of", "transcription": "Please remind me of...", "asr_model": "mlx-community/whisper-large-v3-turbo", "wer": null, "predicted_intent_raw": "unknown", "predicted_intent": "unknown", "predicted_parameters": {}, "tsa": 0}
{"condition": "reverb_snr10", "prompt_variant": "primary", "slurp_id": 10901, "gold_intent": "lists_createoradd", "gold_sentence": "create a new list of", "transcription": "Great leaders, girls.", "asr_model": "mlx-community/whisper-large-v3-turbo", "wer": null, "predicted_intent_raw": "unknown", "predicted_intent": "unknown", "predicted_parameters": {}, "tsa": 0}
{"condition": "reverb_snr10", "prompt_variant": "primary", "slurp_id": 7852, "gold_intent": "calendar_set", "gold_sentence": "add event baseball practice five pm tonight", "transcription": "At Event Baseball practice 5pm tonight", "asr_model": "mlx-community/whisper-large-v3-turbo", "wer": null, "predicted_intent_raw": "calendar_set", "predicted_intent": "calendar_set", "predicted_parameters": {"event_name": "Baseball practice", "time": "5:00 PM", "date": "tonight"}, "tsa": 1}
{"condition": "reverb_snr10", "prompt_variant": "primary", "slurp_id": 10883, "gold_intent": "lists_remove", "gold_sentence": "please tell me how can i remove the item", "transcription": "Please tell me how can I remove the items?", "asr_model": "mlx-community/whisper-large-v3-turbo", "wer": null, "predicted_intent_raw": "unknown", "predicted_intent": "unknown", "predicted_parameters": {}, "tsa": 0}
{"condition": "reverb_snr10", "prompt_variant": "primary", "slurp_id": 7174, "gold_intent": "calendar_remove", "gold_sentence": "cancel", "transcription": "Cancel.", "asr_model": "mlx-community/whisper-large-v3-turbo", "wer": null, "predicted_intent_raw": "unknown", "predicted_intent": "unknown", "predicted_parameters": {}, "tsa": 0}
{"condition": "reverb_snr10", "prompt_variant": "primary", "slurp_id": 10521, "gold_intent": "lists_remove", "gold_sentence": "erase my old english songs list", "transcription": "You raised my old English songs list.", "asr_model": "mlx-community/whisper-large-v3-turbo", "wer": null, "predicted_intent_raw": "lists_query", "predicted_intent": "lists_query", "predicted_parameters": {"list_name": "old English songs"}, "tsa": 0}
{"condition": "reverb_snr10", "prompt_variant": "primary", "slurp_id": 7631, "gold_intent": "calendar_set", "gold_sentence": "set twelve noon prayer for every friday", "transcription": "Set 12 noon prayer for every Friday.", "asr_model": "mlx-community/whisper-large-v3-turbo", "wer": null, "predicted_intent_raw": "alarm_set", "predicted_intent": "alarm_set", "predicted_parameters": {"time": "12:00 PM", "date": "every Friday"}, "tsa": 0}
{"condition": "reverb_snr10", "prompt_variant": "primary", "slurp_id": 10648, "gold_intent": "lists_createoradd", "gold_sentence": "add grocery to list", "transcription": "Add grocery to list", "asr_model": "mlx-community/whisper-large-v3-turbo", "wer": null, "predicted_intent_raw": "lists_createoradd", "predicted_intent": "lists_createoradd", "predicted_parameters": {"item_name": "grocery"}, "tsa": 1}
{"condition": "reverb_snr10", "prompt_variant": "primary", "slurp_id": 2720, "gold_intent": "alarm_set", "gold_sentence": "set an alarm for five thirty", "transcription": "Set an alarm for 5.30.", "asr_model": "mlx-community/whisper-large-v3-turbo", "wer": null, "predicted_intent_raw": "alarm_set", "predicted_intent": "alarm_set", "predicted_parameters": {"time": "5:30"}, "tsa": 1}
{"condition": "reverb_snr10", "prompt_variant": "primary", "slurp_id": 7445, "gold_intent": "calendar_set", "gold_sentence": "please create an event with only these people", "transcription": "Let's create an event with only these people.", "asr_model": "mlx-community/whisper-large-v3-turbo", "wer": null, "predicted_intent_raw": "calendar_set", "predicted_intent": "calendar_set", "predicted_parameters": {}, "tsa": 1}
{"condition": "reverb_snr10", "prompt_variant": "primary", "slurp_id": 3463, "gold_intent": "alarm_set", "gold_sentence": "i would like a wake up alarm at seven am tomorrow", "transcription": "I would like to wake up alarm at 7 a.m.", "asr_model": "mlx-community/whisper-large-v3-turbo", "wer": null, "predicted_intent_raw": "alarm_set", "predicted_intent": "alarm_set", "predicted_parameters": {"time": "7:00 AM"}, "tsa": 1}
{"condition": "reverb_snr10", "prompt_variant": "primary", "slurp_id": 8258, "gold_intent": "calendar_query", "gold_sentence": "more about the concert in st pete", "transcription": "More about the concert in St. Pete.", "asr_model": "mlx-community/whisper-large-v3-turbo", "wer": null, "predicted_intent_raw": "unknown", "predicted_intent": "unknown", "predicted_parameters": {}, "tsa": 0}
{"condition": "reverb_snr10", "prompt_variant": "primary", "slurp_id": 8655, "gold_intent": "calendar_set", "gold_sentence": "add an event starting at three pm in goshen new york on may fifth for dan's graduation", "transcription": "At an event starting at 3 p.m. in Boston, New York on May 5th for dance graduation.", "asr_model": "mlx-community/whisper-large-v3-turbo", "wer": null, "predicted_intent_raw": "calendar_set", "predicted_intent": "calendar_set", "predicted_parameters": {"time": "3:00 PM", "event_name": "dance graduation", "date": "May 5th"}, "tsa": 1}
{"condition": "reverb_snr10", "prompt_variant": "primary", "slurp_id": 8152, "gold_intent": "calendar_query", "gold_sentence": "give me information about the concert on tuesday night", "transcription": "Give me information about the concert on Tuesday night.", "asr_model": "mlx-community/whisper-large-v3-turbo", "wer": null, "predicted_intent_raw": "calendar_query", "predicted_intent": "calendar_query", "predicted_parameters": {"date": "Tuesday night"}, "tsa": 1}
{"condition": "reverb_snr10", "prompt_variant": "primary", "slurp_id": 10728, "gold_intent": "lists_query", "gold_sentence": "display available lists", "transcription": "Display available lists.", "asr_model": "mlx-community/whisper-large-v3-turbo", "wer": null, "predicted_intent_raw": "lists_query", "predicted_intent": "lists_query", "predicted_parameters": {}, "tsa": 1}
{"condition": "reverb_snr10", "prompt_variant": "primary", "slurp_id": 10925, "gold_intent": "lists_createoradd", "gold_sentence": "create a new list of my pending bills", "transcription": "I need a new list for my pen in bed.", "asr_model": "mlx-community/whisper-large-v3-turbo", "wer": null, "predicted_intent_raw": "lists_createoradd", "predicted_intent": "lists_createoradd", "predicted_parameters": {"item_name": "pen", "list_name": "bed"}, "tsa": 1}
{"condition": "reverb_snr10", "prompt_variant": "primary", "slurp_id": 7101, "gold_intent": "calendar_set", "gold_sentence": "let me know the morning of my doctor appointment on the twelfth", "transcription": "Let me know the morning of my daughter's appointment on the 12th.", "asr_model": "mlx-community/whisper-large-v3-turbo", "wer": null, "predicted_intent_raw": "calendar_query", "predicted_intent": "calendar_query", "predicted_parameters": {"date": "12th"}, "tsa": 0}
{"condition": "reverb_snr10", "prompt_variant": "primary", "slurp_id": 11022, "gold_intent": "lists_remove", "gold_sentence": "we're out of paint so take bathroom painting off the list", "transcription": "We are out of paint, so take Baldwin painting off the list.", "asr_model": "mlx-community/whisper-large-v3-turbo", "wer": null, "predicted_intent_raw": "lists_remove", "predicted_intent": "lists_remove", "predicted_parameters": {"item_name": "Baldwin painting"}, "tsa": 1}
{"condition": "reverb_snr10", "prompt_variant": "primary", "slurp_id": 7309, "gold_intent": "calendar_query", "gold_sentence": "what is my first appointment today", "transcription": "What is my first appointment today?", "asr_model": "mlx-community/whisper-large-v3-turbo", "wer": null, "predicted_intent_raw": "calendar_query", "predicted_intent": "calendar_query", "predicted_parameters": {"date": "today"}, "tsa": 1}
{"condition": "reverb_snr10", "prompt_variant": "primary", "slurp_id": 8848, "gold_intent": "calendar_set", "gold_sentence": "please tell me to take my umbrella because it will be very hot today", "transcription": "Please tell me to take my umbrella because it will be very hot today.", "asr_model": "mlx-community/whisper-large-v3-turbo", "wer": null, "predicted_intent_raw": "unknown", "predicted_intent": "unknown", "predicted_parameters": {}, "tsa": 0}
{"condition": "reverb_snr10", "prompt_variant": "primary", "slurp_id": 4318, "gold_intent": "alarm_set", "gold_sentence": "wake me up at ten", "transcription": "Put me up at 10.", "asr_model": "mlx-community/whisper-large-v3-turbo", "wer": null, "predicted_intent_raw": "alarm_set", "predicted_intent": "alarm_set", "predicted_parameters": {"time": "10:00"}, "tsa": 1}
{"condition": "reverb_snr10", "prompt_variant": "primary", "slurp_id": 7112, "gold_intent": "calendar_query", "gold_sentence": "when is that meeting with my boss next week", "transcription": "I'm finished at meeting with my boss next week.", "asr_model": "mlx-community/whisper-large-v3-turbo", "wer": null, "predicted_intent_raw": "calendar_remove", "predicted_intent": "calendar_remove", "predicted_parameters": {"date": "next week"}, "tsa": 0}
{"condition": "reverb_snr10", "prompt_variant": "primary", "slurp_id": 8385, "gold_intent": "calendar_query", "gold_sentence": "is this week a payday week", "transcription": "Is this week a payday week?", "asr_model": "mlx-community/whisper-large-v3-turbo", "wer": null, "predicted_intent_raw": "calendar_query", "predicted_intent": "calendar_query", "predicted_parameters": {"date": "this week"}, "tsa": 1}
{"condition": "reverb_snr10", "prompt_variant": "primary", "slurp_id": 8863, "gold_intent": "calendar_remove", "gold_sentence": "please delete all reminder of sunday", "transcription": "Please delete all reminder of Sunday.", "asr_model": "mlx-community/whisper-large-v3-turbo", "wer": null, "predicted_intent_raw": "alarm_remove", "predicted_intent": "alarm_remove", "predicted_parameters": {"date": "Sunday"}, "tsa": 0}
{"condition": "reverb_snr10", "prompt_variant": "primary", "slurp_id": 8729, "gold_intent": "calendar_set", "gold_sentence": "set a weekly appointment reminder", "transcription": "Set a weekly appointment reminder.", "asr_model": "mlx-community/whisper-large-v3-turbo", "wer": null, "predicted_intent_raw": "calendar_set", "predicted_intent": "calendar_set", "predicted_parameters": {}, "tsa": 1}
{"condition": "reverb_snr10", "prompt_variant": "primary", "slurp_id": 7104, "gold_intent": "calendar_set", "gold_sentence": "make a calendar entry for brunch on saturday morning with chris kimberly and aaronson", "transcription": "Make a calendar entry for brunch on Saturday morning with Chris, Kimberley and Aronson.", "asr_model": "mlx-community/whisper-large-v3-turbo", "wer": null, "predicted_intent_raw": "calendar_set", "predicted_intent": "calendar_set", "predicted_parameters": {"event_name": "brunch", "date": "Saturday", "time": "morning", "person": "Chris, Kimberley and Aronson"}, "tsa": 1}
{"condition": "reverb_snr10", "prompt_variant": "primary", "slurp_id": 7065, "gold_intent": "calendar_query", "gold_sentence": "what events are in my calendar for today", "transcription": "What events are on my calendar for today?", "asr_model": "mlx-community/whisper-large-v3-turbo", "wer": null, "predicted_intent_raw": "calendar_query", "predicted_intent": "calendar_query", "predicted_parameters": {"date": "today"}, "tsa": 1}
{"condition": "reverb_snr10", "prompt_variant": "primary", "slurp_id": 9013, "gold_intent": "calendar_set", "gold_sentence": "remind me on fifth april there is a meeting with boss", "transcription": "Remind me on 5th April there is a meeting with Bob.", "asr_model": "mlx-community/whisper-large-v3-turbo", "wer": null, "predicted_intent_raw": "calendar_set", "predicted_intent": "calendar_set", "predicted_parameters": {"date": "5th April", "person": "Bob", "event_name": "meeting"}, "tsa": 1}
{"condition": "reverb_snr10", "prompt_variant": "primary", "slurp_id": 3151, "gold_intent": "alarm_remove", "gold_sentence": "remove my early alarms", "transcription": "Remove my early alarms.", "asr_model": "mlx-community/whisper-large-v3-turbo", "wer": null, "predicted_intent_raw": "alarm_remove", "predicted_intent": "alarm_remove", "predicted_parameters": {}, "tsa": 1}
{"condition": "reverb_snr10", "prompt_variant": "primary", "slurp_id": 601, "gold_intent": "alarm_set", "gold_sentence": "start alarm", "transcription": "Start alarm.", "asr_model": "mlx-community/whisper-large-v3-turbo", "wer": null, "predicted_intent_raw": "alarm_set", "predicted_intent": "alarm_set", "predicted_parameters": {}, "tsa": 1}
{"condition": "reverb_snr10", "prompt_variant": "primary", "slurp_id": 7517, "gold_intent": "calendar_set", "gold_sentence": "schedule a meeting on tuesday", "transcription": "Schedule making off the Tuesday.", "asr_model": "mlx-community/whisper-large-v3-turbo", "wer": null, "predicted_intent_raw": "calendar_remove", "predicted_intent": "calendar_remove", "predicted_parameters": {"date": "Tuesday"}, "tsa": 0}
{"condition": "reverb_snr10", "prompt_variant": "primary", "slurp_id": 10886, "gold_intent": "lists_query", "gold_sentence": "can i check my lists", "transcription": "Can I check my lists?", "asr_model": "mlx-community/whisper-large-v3-turbo", "wer": null, "predicted_intent_raw": "lists_query", "predicted_intent": "lists_query", "predicted_parameters": {}, "tsa": 1}
{"condition": "reverb_snr10", "prompt_variant": "primary", "slurp_id": 7007, "gold_intent": "calendar_set", "gold_sentence": "set an appointment for allen on tomorrow", "transcription": "Set it apart with four hours of tomorrow.", "asr_model": "mlx-community/whisper-large-v3-turbo", "wer": null, "predicted_intent_raw": "calendar_set", "predicted_intent": "calendar_set", "predicted_parameters": {"time": "tomorrow", "event_name": "Set it apart"}, "tsa": 1}
{"condition": "reverb_snr10", "prompt_variant": "primary", "slurp_id": 8834, "gold_intent": "calendar_remove", "gold_sentence": "remove all my meetings for the rest of the week", "transcription": "I approve all my meetings for the rest of the week.", "asr_model": "mlx-community/whisper-large-v3-turbo", "wer": null, "predicted_intent_raw": "calendar_set", "predicted_intent": "calendar_set", "predicted_parameters": {}, "tsa": 0}
{"condition": "reverb_snr10", "prompt_variant": "primary", "slurp_id": 538, "gold_intent": "alarm_set", "gold_sentence": "set an alarm for one pm", "transcription": "Set an alarm for 1pm.", "asr_model": "mlx-community/whisper-large-v3-turbo", "wer": null, "predicted_intent_raw": "alarm_set", "predicted_intent": "alarm_set", "predicted_parameters": {"time": "1:00 PM"}, "tsa": 1}
{"condition": "reverb_snr10", "prompt_variant": "primary", "slurp_id": 7351, "gold_intent": "calendar_set", "gold_sentence": "in the calendar put that we are having dinner with frank at eight pm on the ninth of august", "transcription": "In the calendar, put that we are having dinner with Frank at 8pm on the 9th of August.", "asr_model": "mlx-community/whisper-large-v3-turbo", "wer": null, "predicted_intent_raw": "calendar_set", "predicted_intent": "calendar_set", "predicted_parameters": {"event_name": "dinner with Frank", "time": "8:00 PM", "date": "9th of August"}, "tsa": 1}
{"condition": "reverb_snr10", "prompt_variant": "primary", "slurp_id": 8046, "gold_intent": "calendar_query", "gold_sentence": "how many meetings do i have next week", "transcription": "How many meetings do I have next week?", "asr_model": "mlx-community/whisper-large-v3-turbo", "wer": null, "predicted_intent_raw": "calendar_query", "predicted_intent": "calendar_query", "predicted_parameters": {"date": "next week"}, "tsa": 1}
{"condition": "reverb_snr10", "prompt_variant": "primary", "slurp_id": 6881, "gold_intent": "calendar_query", "gold_sentence": "when is the next appointment on my calendar", "transcription": "When is the next appointment on my calendar?", "asr_model": "mlx-community/whisper-large-v3-turbo", "wer": null, "predicted_intent_raw": "calendar_query", "predicted_intent": "calendar_query", "predicted_parameters": {}, "tsa": 1}
{"condition": "reverb_snr10", "prompt_variant": "primary", "slurp_id": 11047, "gold_intent": "lists_remove", "gold_sentence": "remove last played song", "transcription": "Let's play this room.", "asr_model": "mlx-community/whisper-large-v3-turbo", "wer": null, "predicted_intent_raw": "unknown", "predicted_intent": "unknown", "predicted_parameters": {}, "tsa": 0}
{"condition": "reverb_snr10", "prompt_variant": "primary", "slurp_id": 8859, "gold_intent": "calendar_query", "gold_sentence": "what is my schedule for june fourteenth two thousand and seventeen", "transcription": "What is planned scheduled for June 14, 2017?", "asr_model": "mlx-community/whisper-large-v3-turbo", "wer": null, "predicted_intent_raw": "calendar_query", "predicted_intent": "calendar_query", "predicted_parameters": {"date": "June 14, 2017"}, "tsa": 1}
{"condition": "reverb_snr10", "prompt_variant": "primary", "slurp_id": 937, "gold_intent": "alarm_remove", "gold_sentence": "phones", "transcription": "Phones.", "asr_model": "mlx-community/whisper-large-v3-turbo", "wer": null, "predicted_intent_raw": "unknown", "predicted_intent": "unknown", "predicted_parameters": {}, "tsa": 0}
{"condition": "reverb_snr10", "prompt_variant": "primary", "slurp_id": 8270, "gold_intent": "calendar_set", "gold_sentence": "notification of meeting on wednesday", "transcription": "Notification of meeting on Wednesday.", "asr_model": "mlx-community/whisper-large-v3-turbo", "wer": null, "predicted_intent_raw": "calendar_query", "predicted_intent": "calendar_query", "predicted_parameters": {"date": "Wednesday"}, "tsa": 0}
{"condition": "reverb_snr10", "prompt_variant": "primary", "slurp_id": 10746, "gold_intent": "lists_remove", "gold_sentence": "remove that item from my list", "transcription": "Remove that item from my list.", "asr_model": "mlx-community/whisper-large-v3-turbo", "wer": null, "predicted_intent_raw": "lists_remove", "predicted_intent": "lists_remove", "predicted_parameters": {"item_name": "unknown"}, "tsa": 1}
{"condition": "reverb_snr10", "prompt_variant": "primary", "slurp_id": 10450, "gold_intent": "lists_query", "gold_sentence": "what is on my shopping list today", "transcription": "What is on my shopping list today?", "asr_model": "mlx-community/whisper-large-v3-turbo", "wer": null, "predicted_intent_raw": "lists_query", "predicted_intent": "lists_query", "predicted_parameters": {"list_name": "shopping"}, "tsa": 1}
{"condition": "reverb_snr10", "prompt_variant": "primary", "slurp_id": 8208, "gold_intent": "calendar_query", "gold_sentence": "what time is the evening meeting i have with john", "transcription": "What time is the evening meeting I have with John?", "asr_model": "mlx-community/whisper-large-v3-turbo", "wer": null, "predicted_intent_raw": "calendar_query", "predicted_intent": "calendar_query", "predicted_parameters": {"event_name": "evening meeting", "person": "John"}, "tsa": 1}
{"condition": "reverb_snr10", "prompt_variant": "primary", "slurp_id": 11041, "gold_intent": "lists_createoradd", "gold_sentence": "remind me to order more soap", "transcription": "Remind me to all dress up.", "asr_model": "mlx-community/whisper-large-v3-turbo", "wer": null, "predicted_intent_raw": "alarm_set", "predicted_intent": "alarm_set", "predicted_parameters": {"time": "unknown"}, "tsa": 0}
{"condition": "reverb_snr10", "prompt_variant": "primary", "slurp_id": 10532, "gold_intent": "lists_query", "gold_sentence": "what were the last five lists i made", "transcription": "What were the last five years time man?", "asr_model": "mlx-community/whisper-large-v3-turbo", "wer": null, "predicted_intent_raw": "unknown", "predicted_intent": "unknown", "predicted_parameters": {}, "tsa": 0}
{"condition": "reverb_snr10", "prompt_variant": "primary", "slurp_id": 9040, "gold_intent": "calendar_remove", "gold_sentence": "make blank on july three calendar", "transcription": "Make blend on July 3rd, Kanda.", "asr_model": "mlx-community/whisper-large-v3-turbo", "wer": null, "predicted_intent_raw": "calendar_set", "predicted_intent": "calendar_set", "predicted_parameters": {"date": "July 3rd", "event_name": "blend", "person": "Kanda"}, "tsa": 0}
{"condition": "reverb_snr10", "prompt_variant": "primary", "slurp_id": 9144, "gold_intent": "calendar_set", "gold_sentence": "remind me that i have an appointment twelve o clock on saturday", "transcription": "Remind me that I have an appointment to overflow on Saturday.", "asr_model": "mlx-community/whisper-large-v3-turbo", "wer": null, "predicted_intent_raw": "alarm_set", "predicted_intent": "alarm_set", "predicted_parameters": {"time": "Saturday", "event_name": "appointment to overflow"}, "tsa": 0}
{"condition": "reverb_snr10", "prompt_variant": "primary", "slurp_id": 7747, "gold_intent": "calendar_remove", "gold_sentence": "remove all data from my calendar", "transcription": "Move all details from my calendar.", "asr_model": "mlx-community/whisper-large-v3-turbo", "wer": null, "predicted_intent_raw": "calendar_remove", "predicted_intent": "calendar_remove", "predicted_parameters": {}, "tsa": 1}
{"condition": "reverb_snr10", "prompt_variant": "primary", "slurp_id": 7474, "gold_intent": "calendar_set", "gold_sentence": "remember to fix a meeting between me and the players tomorrow evening by seven", "transcription": "Mamma to fix a meeting between me and the players tomorrow evening by Saturday.", "asr_model": "mlx-community/whisper-large-v3-turbo", "wer": null, "predicted_intent_raw": "calendar_set", "predicted_intent": "calendar_set", "predicted_parameters": {"person": "players", "date": "tomorrow evening by Saturday"}, "tsa": 1}
{"condition": "reverb_snr10", "prompt_variant": "primary", "slurp_id": 6760, "gold_intent": "calendar_remove", "gold_sentence": "cancel my five pm daily call", "transcription": "Cancel my 5 p.m. daily call.", "asr_model": "mlx-community/whisper-large-v3-turbo", "wer": null, "predicted_intent_raw": "calendar_remove", "predicted_intent": "calendar_remove", "predicted_parameters": {"time": "5:00 PM", "event_name": "daily call"}, "tsa": 1}
{"condition": "reverb_snr10", "prompt_variant": "primary", "slurp_id": 7846, "gold_intent": "calendar_query", "gold_sentence": "what reminders are coming up this week", "transcription": "What reminders are coming up for this week?", "asr_model": "mlx-community/whisper-large-v3-turbo", "wer": null, "predicted_intent_raw": "alarm_query", "predicted_intent": "alarm_query", "predicted_parameters": {"date": "this week"}, "tsa": 0}
{"condition": "reverb_snr10", "prompt_variant": "primary", "slurp_id": 7653, "gold_intent": "calendar_set", "gold_sentence": "don't forget to remind me of my brother's birthday on april twenty", "transcription": "Don't forget to remind me of my brother's birthday on April 20th.", "asr_model": "mlx-community/whisper-large-v3-turbo", "wer": null, "predicted_intent_raw": "alarm_set", "predicted_intent": "alarm_set", "predicted_parameters": {"time": "April 20th", "person": "brother"}, "tsa": 0}
{"condition": "reverb_snr10", "prompt_variant": "primary", "slurp_id": 7131, "gold_intent": "calendar_remove", "gold_sentence": "delete the wedding on the tenth from my calendar", "transcription": "Delete the word name on the 10th from my calendar.", "asr_model": "mlx-community/whisper-large-v3-turbo", "wer": null, "predicted_intent_raw": "calendar_remove", "predicted_intent": "calendar_remove", "predicted_parameters": {"date": "10th"}, "tsa": 1}
{"condition": "reverb_snr10", "prompt_variant": "primary", "slurp_id": 8047, "gold_intent": "calendar_set", "gold_sentence": "on february fourteenth make dinner reservations at the restaurant", "transcription": "14, make the reservations at the restaurant.", "asr_model": "mlx-community/whisper-large-v3-turbo", "wer": null, "predicted_intent_raw": "unknown", "predicted_intent": "unknown", "predicted_parameters": {}, "tsa": 0}
{"condition": "reverb_snr10", "prompt_variant": "primary", "slurp_id": 8938, "gold_intent": "calendar_set", "gold_sentence": "john marriage anniversary", "transcription": "Parish anniversary", "asr_model": "mlx-community/whisper-large-v3-turbo", "wer": null, "predicted_intent_raw": "unknown", "predicted_intent": "unknown", "predicted_parameters": {}, "tsa": 0}
{"condition": "reverb_snr10", "prompt_variant": "primary", "slurp_id": 7688, "gold_intent": "calendar_query", "gold_sentence": "do i have any reminders pending", "transcription": "Do I have any reminders?", "asr_model": "mlx-community/whisper-large-v3-turbo", "wer": null, "predicted_intent_raw": "alarm_query", "predicted_intent": "alarm_query", "predicted_parameters": {}, "tsa": 0}
{"condition": "reverb_snr10", "prompt_variant": "primary", "slurp_id": 8668, "gold_intent": "calendar_query", "gold_sentence": "in the last year how many hours have i been in meetings", "transcription": "In the last year, how many hours have I been in meetings?", "asr_model": "mlx-community/whisper-large-v3-turbo", "wer": null, "predicted_intent_raw": "unknown", "predicted_intent": "unknown", "predicted_parameters": {}, "tsa": 0}
{"condition": "reverb_snr10", "prompt_variant": "primary", "slurp_id": 4317, "gold_intent": "alarm_set", "gold_sentence": "set an alarm for ten o'clock tomorrow morning", "transcription": "Set on alarm for 10 o'clock tomorrow morning.", "asr_model": "mlx-community/whisper-large-v3-turbo", "wer": null, "predicted_intent_raw": "alarm_set", "predicted_intent": "alarm_set", "predicted_parameters": {"time": "10:00 AM tomorrow"}, "tsa": 1}
{"condition": "reverb_snr10", "prompt_variant": "primary", "slurp_id": 9008, "gold_intent": "calendar_remove", "gold_sentence": "remove birthday event from my calendar", "transcription": "Move body weight from my calendar.", "asr_model": "mlx-community/whisper-large-v3-turbo", "wer": null, "predicted_intent_raw": "calendar_remove", "predicted_intent": "calendar_remove", "predicted_parameters": {"event_name": "body weight"}, "tsa": 1}
{"condition": "reverb_snr10", "prompt_variant": "primary", "slurp_id": 4198, "gold_intent": "alarm_remove", "gold_sentence": "remove the alarm set for four hundred am", "transcription": "Remove the alarm sets for 400 AM.", "asr_model": "mlx-community/whisper-large-v3-turbo", "wer": null, "predicted_intent_raw": "alarm_remove", "predicted_intent": "alarm_remove", "predicted_parameters": {"time": "4:00 AM"}, "tsa": 1}
{"condition": "reverb_snr10", "prompt_variant": "primary", "slurp_id": 10629, "gold_intent": "lists_remove", "gold_sentence": "please remove this item from the list", "transcription": "Please remove this item from the list.", "asr_model": "mlx-community/whisper-large-v3-turbo", "wer": null, "predicted_intent_raw": "lists_remove", "predicted_intent": "lists_remove", "predicted_parameters": {}, "tsa": 1}
{"condition": "reverb_snr10", "prompt_variant": "primary", "slurp_id": 6823, "gold_intent": "calendar_set", "gold_sentence": "olly i want to go to the outdoor movie screening this weekend remind me", "transcription": "Oli, I want to go to the Outlaw Movie Screening this weekend. Remind me.", "asr_model": "mlx-community/whisper-large-v3-turbo", "wer": null, "predicted_intent_raw": "alarm_set", "predicted_intent": "alarm_set", "predicted_parameters": {"time": "this weekend", "event_name": "Outlaw Movie Screening"}, "tsa": 0}
{"condition": "reverb_snr10", "prompt_variant": "primary", "slurp_id": 10797, "gold_intent": "lists_createoradd", "gold_sentence": "please add milk to the grocery list", "transcription": "Please add milk to the grocery list.", "asr_model": "mlx-community/whisper-large-v3-turbo", "wer": null, "predicted_intent_raw": "lists_createoradd", "predicted_intent": "lists_createoradd", "predicted_parameters": {"item_name": "milk", "list_name": "grocery"}, "tsa": 1}
{"condition": "reverb_snr10", "prompt_variant": "primary", "slurp_id": 9049, "gold_intent": "alarm_set", "gold_sentence": "set an alarm for four pm tuesday", "transcription": "Set an alarm for 4 p.m. Tuesday", "asr_model": "mlx-community/whisper-large-v3-turbo", "wer": null, "predicted_intent_raw": "alarm_set", "predicted_intent": "alarm_set", "predicted_parameters": {"time": "4:00 PM Tuesday"}, "tsa": 1}
{"condition": "reverb_snr10", "prompt_variant": "primary", "slurp_id": 10767, "gold_intent": "lists_query", "gold_sentence": "are eggs on my shopping list", "transcription": "More eggs on my shopping list", "asr_model": "mlx-community/whisper-large-v3-turbo", "wer": null, "predicted_intent_raw": "lists_createoradd", "predicted_intent": "lists_createoradd", "predicted_parameters": {"item_name": "eggs", "list_name": "shopping"}, "tsa": 0}
{"condition": "reverb_snr10", "prompt_variant": "primary", "slurp_id": 7357, "gold_intent": "calendar_query", "gold_sentence": "what are the list of events in my calendar in march", "transcription": "What are the list of events in my calendar in March?", "asr_model": "mlx-community/whisper-large-v3-turbo", "wer": null, "predicted_intent_raw": "calendar_query", "predicted_intent": "calendar_query", "predicted_parameters": {"date": "March"}, "tsa": 1}
{"condition": "reverb_snr10", "prompt_variant": "primary", "slurp_id": 7064, "gold_intent": "calendar_remove", "gold_sentence": "please delete all of my calendar events for the rest of the day", "transcription": "Please delete all of my Klingda events for the rest of the day.", "asr_model": "mlx-community/whisper-large-v3-turbo", "wer": null, "predicted_intent_raw": "calendar_remove", "predicted_intent": "calendar_remove", "predicted_parameters": {"event_name": "Klingda", "date": "today"}, "tsa": 1}
{"condition": "reverb_snr10", "prompt_variant": "primary", "slurp_id": 10962, "gold_intent": "lists_remove", "gold_sentence": "i don't want this list any more", "transcription": "I don't want this list anymore.", "asr_model": "mlx-community/whisper-large-v3-turbo", "wer": null, "predicted_intent_raw": "lists_remove", "predicted_intent": "lists_remove", "predicted_parameters": {}, "tsa": 1}
{"condition": "reverb_snr10", "prompt_variant": "primary", "slurp_id": 10468, "gold_intent": "lists_createoradd", "gold_sentence": "can you create a new list", "transcription": "Can you create a new lift?", "asr_model": "mlx-community/whisper-large-v3-turbo", "wer": null, "predicted_intent_raw": "unknown", "predicted_intent": "unknown", "predicted_parameters": {}, "tsa": 0}
{"condition": "reverb_snr10", "prompt_variant": "primary", "slurp_id": 10557, "gold_intent": "lists_query", "gold_sentence": "please show my list", "transcription": "Please show my list.", "asr_model": "mlx-community/whisper-large-v3-turbo", "wer": null, "predicted_intent_raw": "lists_query", "predicted_intent": "lists_query", "predicted_parameters": {}, "tsa": 1}
{"condition": "reverb_snr10", "prompt_variant": "primary", "slurp_id": 4850, "gold_intent": "alarm_set", "gold_sentence": "set an alarm for five minutes from now", "transcription": "Set an alarm for 5 minutes from now.", "asr_model": "mlx-community/whisper-large-v3-turbo", "wer": null, "predicted_intent_raw": "alarm_set", "predicted_intent": "alarm_set", "predicted_parameters": {"time": "5 minutes from now"}, "tsa": 1}
{"condition": "reverb_snr10", "prompt_variant": "primary", "slurp_id": 11076, "gold_intent": "lists_query", "gold_sentence": "what is that on the list", "transcription": "What is that on the list?", "asr_model": "mlx-community/whisper-large-v3-turbo", "wer": null, "predicted_intent_raw": "lists_query", "predicted_intent": "lists_query", "predicted_parameters": {}, "tsa": 1}
{"condition": "reverb_snr10", "prompt_variant": "primary", "slurp_id": 10896, "gold_intent": "lists_remove", "gold_sentence": "remove item from my list", "transcription": "Real item from my list.", "asr_model": "mlx-community/whisper-large-v3-turbo", "wer": null, "predicted_intent_raw": "lists_query", "predicted_intent": "lists_query", "predicted_parameters": {}, "tsa": 0}
{"condition": "reverb_snr10", "prompt_variant": "primary", "slurp_id": 5099, "gold_intent": "alarm_remove", "gold_sentence": "olly cancel alarms", "transcription": "Cancel alarm.", "asr_model": "mlx-community/whisper-large-v3-turbo", "wer": null, "predicted_intent_raw": "alarm_remove", "predicted_intent": "alarm_remove", "predicted_parameters": {}, "tsa": 1}
{"condition": "reverb_snr10", "prompt_variant": "primary", "slurp_id": 8953, "gold_intent": "calendar_set", "gold_sentence": "let me know of the meeting on tuesday", "transcription": "Let me know of the meeting of you.", "asr_model": "mlx-community/whisper-large-v3-turbo", "wer": null, "predicted_intent_raw": "calendar_query", "predicted_intent": "calendar_query", "predicted_parameters": {}, "tsa": 0}
{"condition": "reverb_snr10", "prompt_variant": "primary", "slurp_id": 4723, "gold_intent": "alarm_query", "gold_sentence": "list my different alarm", "transcription": "List my different alarm.", "asr_model": "mlx-community/whisper-large-v3-turbo", "wer": null, "predicted_intent_raw": "alarm_query", "predicted_intent": "alarm_query", "predicted_parameters": {}, "tsa": 1}
{"condition": "reverb_snr10", "prompt_variant": "primary", "slurp_id": 8609, "gold_intent": "calendar_set", "gold_sentence": "cancel my meeting with lisa on tuesday and reschedule it for thursday", "transcription": "My meeting with Lisa on Tuesday and we schedule it for Thursday.", "asr_model": "mlx-community/whisper-large-v3-turbo", "wer": null, "predicted_intent_raw": "calendar_set", "predicted_intent": "calendar_set", "predicted_parameters": {"person": "Lisa", "date": "Thursday"}, "tsa": 1}
{"condition": "reverb_snr10", "prompt_variant": "primary", "slurp_id": 232, "gold_intent": "alarm_set", "gold_sentence": "set an alarm at six in the morning", "transcription": "Set an alarm at 6 in the morning.", "asr_model": "mlx-community/whisper-large-v3-turbo", "wer": null, "predicted_intent_raw": "alarm_set", "predicted_intent": "alarm_set", "predicted_parameters": {"time": "6:00 AM"}, "tsa": 1}
{"condition": "reverb_snr10", "prompt_variant": "primary", "slurp_id": 11065, "gold_intent": "lists_query", "gold_sentence": "hey olly what are my lists", "transcription": "Hey PDA, what are my lists?", "asr_model": "mlx-community/whisper-large-v3-turbo", "wer": null, "predicted_intent_raw": "lists_query", "predicted_intent": "lists_query", "predicted_parameters": {}, "tsa": 1}
{"condition": "reverb_snr10", "prompt_variant": "primary", "slurp_id": 8594, "gold_intent": "calendar_set", "gold_sentence": "schedule an event in my calendar for the pool party at jack's place this saturday", "transcription": "Can you event in my calendar for the pool party at Jeff's place this Thursday?", "asr_model": "mlx-community/whisper-large-v3-turbo", "wer": null, "predicted_intent_raw": "calendar_set", "predicted_intent": "calendar_set", "predicted_parameters": {"event_name": "pool party", "person": "Jeff", "date": "this Thursday"}, "tsa": 1}
{"condition": "reverb_snr10", "prompt_variant": "primary", "slurp_id": 3956, "gold_intent": "alarm_set", "gold_sentence": "alert me in three hours", "transcription": "Let me in three hours.", "asr_model": "mlx-community/whisper-large-v3-turbo", "wer": null, "predicted_intent_raw": "alarm_set", "predicted_intent": "alarm_set", "predicted_parameters": {"time": "3 hours"}, "tsa": 1}
{"condition": "reverb_snr10", "prompt_variant": "primary", "slurp_id": 8063, "gold_intent": "calendar_query", "gold_sentence": "when is my next reminder", "transcription": "When is my next reminder?", "asr_model": "mlx-community/whisper-large-v3-turbo", "wer": null, "predicted_intent_raw": "alarm_query", "predicted_intent": "alarm_query", "predicted_parameters": {}, "tsa": 0}
{"condition": "reverb_snr10", "prompt_variant": "primary", "slurp_id": 11045, "gold_intent": "lists_query", "gold_sentence": "open my list", "transcription": "Open my list.", "asr_model": "mlx-community/whisper-large-v3-turbo", "wer": null, "predicted_intent_raw": "lists_query", "predicted_intent": "lists_query", "predicted_parameters": {}, "tsa": 1}
{"condition": "reverb_snr10", "prompt_variant": "minimal", "slurp_id": 7043, "gold_intent": "alarm_set", "gold_sentence": "set an alarm for two hours from now please", "transcription": "Settle along for two hours from now please.", "asr_model": "mlx-community/whisper-large-v3-turbo", "wer": null, "predicted_intent_raw": "calendar_set", "predicted_intent": "calendar_set", "predicted_parameters": {"duration": "2 hours", "time": "from now"}, "tsa": 0}
{"condition": "reverb_snr10", "prompt_variant": "minimal", "slurp_id": 9136, "gold_intent": "calendar_query", "gold_sentence": "any meeting on friday", "transcription": "Any video?", "asr_model": "mlx-community/whisper-large-v3-turbo", "wer": null, "predicted_intent_raw": "unknown", "predicted_intent": "unknown", "predicted_parameters": {}, "tsa": 0}
{"condition": "reverb_snr10", "prompt_variant": "minimal", "slurp_id": 8272, "gold_intent": "calendar_set", "gold_sentence": "add my upcoming meeting to my calendar", "transcription": "at my upcoming meeting to my calendar", "asr_model": "mlx-community/whisper-large-v3-turbo", "wer": null, "predicted_intent_raw": "calendar_set", "predicted_intent": "calendar_set", "predicted_parameters": {}, "tsa": 1}
{"condition": "reverb_snr10", "prompt_variant": "minimal", "slurp_id": 10973, "gold_intent": "lists_createoradd", "gold_sentence": "create a new list for school supplies", "transcription": "Create a new list for school supplies.", "asr_model": "mlx-community/whisper-large-v3-turbo", "wer": null, "predicted_intent_raw": "lists_createoradd", "predicted_intent": "lists_createoradd", "predicted_parameters": {"name": "school supplies"}, "tsa": 1}
{"condition": "reverb_snr10", "prompt_variant": "minimal", "slurp_id": 4853, "gold_intent": "alarm_set", "gold_sentence": "please set my alarm", "transcription": "Please get my alarm.", "asr_model": "mlx-community/whisper-large-v3-turbo", "wer": null, "predicted_intent_raw": "alarm_query", "predicted_intent": "alarm_query", "predicted_parameters": {}, "tsa": 0}
{"condition": "reverb_snr10", "prompt_variant": "minimal", "slurp_id": 10754, "gold_intent": "lists_query", "gold_sentence": "read back what i put on my to do list for this week", "transcription": "PDA, read back what I put on my to-do list for this week.", "asr_model": "mlx-community/whisper-large-v3-turbo", "wer": null, "predicted_intent_raw": "lists_query", "predicted_intent": "lists_query", "predicted_parameters": {}, "tsa": 1}
{"condition": "reverb_snr10", "prompt_variant": "minimal", "slurp_id": 6751, "gold_intent": "calendar_query", "gold_sentence": "when is my next meeting", "transcription": "This is my next meeting.", "asr_model": "mlx-community/whisper-large-v3-turbo", "wer": null, "predicted_intent_raw": "calendar_query", "predicted_intent": "calendar_query", "predicted_parameters": {}, "tsa": 1}
{"condition": "reverb_snr10", "prompt_variant": "minimal", "slurp_id": 10806, "gold_intent": "lists_query", "gold_sentence": "will you please show me my lists", "transcription": "Will you please show me my lists?", "asr_model": "mlx-community/whisper-large-v3-turbo", "wer": null, "predicted_intent_raw": "lists_query", "predicted_intent": "lists_query", "predicted_parameters": {}, "tsa": 1}
{"condition": "reverb_snr10", "prompt_variant": "minimal", "slurp_id": 6827, "gold_intent": "calendar_query", "gold_sentence": "have you added a meeting with tom tomorrow at nine pm", "transcription": "Have you ended a meeting with Tom tomorrow at 9.00 a.m.", "asr_model": "mlx-community/whisper-large-v3-turbo", "wer": null, "predicted_intent_raw": "calendar_query", "predicted_intent": "calendar_query", "predicted_parameters": {"query": "meeting with Tom tomorrow at 9.00 a.m."}, "tsa": 1}
{"condition": "reverb_snr10", "prompt_variant": "minimal", "slurp_id": 8873, "gold_intent": "calendar_set", "gold_sentence": "remember dinner on thursday at bistro italia", "transcription": "Remember dinner on Thursday at Bisto Italia.", "asr_model": "mlx-community/whisper-large-v3-turbo", "wer": null, "predicted_intent_raw": "calendar_set", "predicted_intent": "calendar_set", "predicted_parameters": {"event": "dinner", "day": "Thursday", "location": "Bisto Italia"}, "tsa": 1}
{"condition": "reverb_snr10", "prompt_variant": "minimal", "slurp_id": 11160, "gold_intent": "lists_remove", "gold_sentence": "i don't want eggs", "transcription": "I don't want that.", "asr_model": "mlx-community/whisper-large-v3-turbo", "wer": null, "predicted_intent_raw": "unknown", "predicted_intent": "unknown", "predicted_parameters": {}, "tsa": 0}
{"condition": "reverb_snr10", "prompt_variant": "minimal", "slurp_id": 7753, "gold_intent": "calendar_query", "gold_sentence": "what do i have to do on monday", "transcription": "I have to do a moment.", "asr_model": "mlx-community/whisper-large-v3-turbo", "wer": null, "predicted_intent_raw": "unknown", "predicted_intent": "unknown", "predicted_parameters": {}, "tsa": 0}
{"condition": "reverb_snr10", "prompt_variant": "minimal", "slurp_id": 10666, "gold_intent": "lists_query", "gold_sentence": "read the list", "transcription": "With the last", "asr_model": "mlx-community/whisper-large-v3-turbo", "wer": null, "predicted_intent_raw": "unknown", "predicted_intent": "unknown", "predicted_parameters": {}, "tsa": 0}
{"condition": "reverb_snr10", "prompt_variant": "minimal", "slurp_id": 10741, "gold_intent": "lists_createoradd", "gold_sentence": "add something to my list", "transcription": "It's an optimal list.", "asr_model": "mlx-community/whisper-large-v3-turbo", "wer": null, "predicted_intent_raw": "unknown", "predicted_intent": "unknown", "predicted_parameters": {}, "tsa": 0}
{"condition": "reverb_snr10", "prompt_variant": "minimal", "slurp_id": 8146, "gold_intent": "calendar_remove", "gold_sentence": "cancel my meeting on the fourteenth", "transcription": "Council my meeting on the 14th.", "asr_model": "mlx-community/whisper-large-v3-turbo", "wer": null, "predicted_intent_raw": "calendar_query", "predicted_intent": "calendar_query", "predicted_parameters": {}, "tsa": 0}
{"condition": "reverb_snr10", "prompt_variant": "minimal", "slurp_id": 8802, "gold_intent": "calendar_set", "gold_sentence": "please remind me of", "transcription": "Please remind me of...", "asr_model": "mlx-community/whisper-large-v3-turbo", "wer": null, "predicted_intent_raw": "alarm_set", "predicted_intent": "alarm_set", "predicted_parameters": {}, "tsa": 0}
{"condition": "reverb_snr10", "prompt_variant": "minimal", "slurp_id": 10901, "gold_intent": "lists_createoradd", "gold_sentence": "create a new list of", "transcription": "Great leaders, girls.", "asr_model": "mlx-community/whisper-large-v3-turbo", "wer": null, "predicted_intent_raw": "unknown", "predicted_intent": "unknown", "predicted_parameters": {}, "tsa": 0}
{"condition": "reverb_snr10", "prompt_variant": "minimal", "slurp_id": 7852, "gold_intent": "calendar_set", "gold_sentence": "add event baseball practice five pm tonight", "transcription": "At Event Baseball practice 5pm tonight", "asr_model": "mlx-community/whisper-large-v3-turbo", "wer": null, "predicted_intent_raw": "calendar_set", "predicted_intent": "calendar_set", "predicted_parameters": {"event": "Baseball practice", "time": "5pm tonight"}, "tsa": 1}
{"condition": "reverb_snr10", "prompt_variant": "minimal", "slurp_id": 10883, "gold_intent": "lists_remove", "gold_sentence": "please tell me how can i remove the item", "transcription": "Please tell me how can I remove the items?", "asr_model": "mlx-community/whisper-large-v3-turbo", "wer": null, "predicted_intent_raw": "unknown", "predicted_intent": "unknown", "predicted_parameters": {}, "tsa": 0}
{"condition": "reverb_snr10", "prompt_variant": "minimal", "slurp_id": 7174, "gold_intent": "calendar_remove", "gold_sentence": "cancel", "transcription": "Cancel.", "asr_model": "mlx-community/whisper-large-v3-turbo", "wer": null, "predicted_intent_raw": "unknown", "predicted_intent": "unknown", "predicted_parameters": {}, "tsa": 0}
{"condition": "reverb_snr10", "prompt_variant": "minimal", "slurp_id": 10521, "gold_intent": "lists_remove", "gold_sentence": "erase my old english songs list", "transcription": "You raised my old English songs list.", "asr_model": "mlx-community/whisper-large-v3-turbo", "wer": null, "predicted_intent_raw": "lists_query", "predicted_intent": "lists_query", "predicted_parameters": {}, "tsa": 0}
{"condition": "reverb_snr10", "prompt_variant": "minimal", "slurp_id": 7631, "gold_intent": "calendar_set", "gold_sentence": "set twelve noon prayer for every friday", "transcription": "Set 12 noon prayer for every Friday.", "asr_model": "mlx-community/whisper-large-v3-turbo", "wer": null, "predicted_intent_raw": "alarm_set", "predicted_intent": "alarm_set", "predicted_parameters": {"time": "12:00", "day": "Friday", "recurring": true, "label": "prayer"}, "tsa": 0}
{"condition": "reverb_snr10", "prompt_variant": "minimal", "slurp_id": 10648, "gold_intent": "lists_createoradd", "gold_sentence": "add grocery to list", "transcription": "Add grocery to list", "asr_model": "mlx-community/whisper-large-v3-turbo", "wer": null, "predicted_intent_raw": "lists_createoradd", "predicted_intent": "lists_createoradd", "predicted_parameters": {"item": "grocery"}, "tsa": 1}
{"condition": "reverb_snr10", "prompt_variant": "minimal", "slurp_id": 2720, "gold_intent": "alarm_set", "gold_sentence": "set an alarm for five thirty", "transcription": "Set an alarm for 5.30.", "asr_model": "mlx-community/whisper-large-v3-turbo", "wer": null, "predicted_intent_raw": "alarm_set", "predicted_intent": "alarm_set", "predicted_parameters": {"time": "5.30"}, "tsa": 1}
{"condition": "reverb_snr10", "prompt_variant": "minimal", "slurp_id": 7445, "gold_intent": "calendar_set", "gold_sentence": "please create an event with only these people", "transcription": "Let's create an event with only these people.", "asr_model": "mlx-community/whisper-large-v3-turbo", "wer": null, "predicted_intent_raw": "calendar_set", "predicted_intent": "calendar_set", "predicted_parameters": {}, "tsa": 1}
{"condition": "reverb_snr10", "prompt_variant": "minimal", "slurp_id": 3463, "gold_intent": "alarm_set", "gold_sentence": "i would like a wake up alarm at seven am tomorrow", "transcription": "I would like to wake up alarm at 7 a.m.", "asr_model": "mlx-community/whisper-large-v3-turbo", "wer": null, "predicted_intent_raw": "alarm_set", "predicted_intent": "alarm_set", "predicted_parameters": {"time": "7 a.m."}, "tsa": 1}
{"condition": "reverb_snr10", "prompt_variant": "minimal", "slurp_id": 8258, "gold_intent": "calendar_query", "gold_sentence": "more about the concert in st pete", "transcription": "More about the concert in St. Pete.", "asr_model": "mlx-community/whisper-large-v3-turbo", "wer": null, "predicted_intent_raw": "calendar_query", "predicted_intent": "calendar_query", "predicted_parameters": {"query": "concert in St. Pete"}, "tsa": 1}
{"condition": "reverb_snr10", "prompt_variant": "minimal", "slurp_id": 8655, "gold_intent": "calendar_set", "gold_sentence": "add an event starting at three pm in goshen new york on may fifth for dan's graduation", "transcription": "At an event starting at 3 p.m. in Boston, New York on May 5th for dance graduation.", "asr_model": "mlx-community/whisper-large-v3-turbo", "wer": null, "predicted_intent_raw": "calendar_set", "predicted_intent": "calendar_set", "predicted_parameters": {"event": "dance graduation", "start_time": "3 p.m.", "location": "Boston, New York", "date": "May 5th"}, "tsa": 1}
{"condition": "reverb_snr10", "prompt_variant": "minimal", "slurp_id": 8152, "gold_intent": "calendar_query", "gold_sentence": "give me information about the concert on tuesday night", "transcription": "Give me information about the concert on Tuesday night.", "asr_model": "mlx-community/whisper-large-v3-turbo", "wer": null, "predicted_intent_raw": "calendar_query", "predicted_intent": "calendar_query", "predicted_parameters": {}, "tsa": 1}
{"condition": "reverb_snr10", "prompt_variant": "minimal", "slurp_id": 10728, "gold_intent": "lists_query", "gold_sentence": "display available lists", "transcription": "Display available lists.", "asr_model": "mlx-community/whisper-large-v3-turbo", "wer": null, "predicted_intent_raw": "lists_query", "predicted_intent": "lists_query", "predicted_parameters": {}, "tsa": 1}
{"condition": "reverb_snr10", "prompt_variant": "minimal", "slurp_id": 10925, "gold_intent": "lists_createoradd", "gold_sentence": "create a new list of my pending bills", "transcription": "I need a new list for my pen in bed.", "asr_model": "mlx-community/whisper-large-v3-turbo", "wer": null, "predicted_intent_raw": "lists_createoradd", "predicted_intent": "lists_createoradd", "predicted_parameters": {"name": "pen in bed"}, "tsa": 1}
{"condition": "reverb_snr10", "prompt_variant": "minimal", "slurp_id": 7101, "gold_intent": "calendar_set", "gold_sentence": "let me know the morning of my doctor appointment on the twelfth", "transcription": "Let me know the morning of my daughter's appointment on the 12th.", "asr_model": "mlx-community/whisper-large-v3-turbo", "wer": null, "predicted_intent_raw": "calendar_query", "predicted_intent": "calendar_query", "predicted_parameters": {}, "tsa": 0}
{"condition": "reverb_snr10", "prompt_variant": "minimal", "slurp_id": 11022, "gold_intent": "lists_remove", "gold_sentence": "we're out of paint so take bathroom painting off the list", "transcription": "We are out of paint, so take Baldwin painting off the list.", "asr_model": "mlx-community/whisper-large-v3-turbo", "wer": null, "predicted_intent_raw": "lists_remove", "predicted_intent": "lists_remove", "predicted_parameters": {"item": "Baldwin painting"}, "tsa": 1}
{"condition": "reverb_snr10", "prompt_variant": "minimal", "slurp_id": 7309, "gold_intent": "calendar_query", "gold_sentence": "what is my first appointment today", "transcription": "What is my first appointment today?", "asr_model": "mlx-community/whisper-large-v3-turbo", "wer": null, "predicted_intent_raw": "calendar_query", "predicted_intent": "calendar_query", "predicted_parameters": {}, "tsa": 1}
{"condition": "reverb_snr10", "prompt_variant": "minimal", "slurp_id": 8848, "gold_intent": "calendar_set", "gold_sentence": "please tell me to take my umbrella because it will be very hot today", "transcription": "Please tell me to take my umbrella because it will be very hot today.", "asr_model": "mlx-community/whisper-large-v3-turbo", "wer": null, "predicted_intent_raw": "unknown", "predicted_intent": "unknown", "predicted_parameters": {}, "tsa": 0}
{"condition": "reverb_snr10", "prompt_variant": "minimal", "slurp_id": 4318, "gold_intent": "alarm_set", "gold_sentence": "wake me up at ten", "transcription": "Put me up at 10.", "asr_model": "mlx-community/whisper-large-v3-turbo", "wer": null, "predicted_intent_raw": "calendar_set", "predicted_intent": "calendar_set", "predicted_parameters": {"time": "10"}, "tsa": 0}
{"condition": "reverb_snr10", "prompt_variant": "minimal", "slurp_id": 7112, "gold_intent": "calendar_query", "gold_sentence": "when is that meeting with my boss next week", "transcription": "I'm finished at meeting with my boss next week.", "asr_model": "mlx-community/whisper-large-v3-turbo", "wer": null, "predicted_intent_raw": "calendar_query", "predicted_intent": "calendar_query", "predicted_parameters": {}, "tsa": 1}
{"condition": "reverb_snr10", "prompt_variant": "minimal", "slurp_id": 8385, "gold_intent": "calendar_query", "gold_sentence": "is this week a payday week", "transcription": "Is this week a payday week?", "asr_model": "mlx-community/whisper-large-v3-turbo", "wer": null, "predicted_intent_raw": "unknown", "predicted_intent": "unknown", "predicted_parameters": {}, "tsa": 0}
{"condition": "reverb_snr10", "prompt_variant": "minimal", "slurp_id": 8863, "gold_intent": "calendar_remove", "gold_sentence": "please delete all reminder of sunday", "transcription": "Please delete all reminder of Sunday.", "asr_model": "mlx-community/whisper-large-v3-turbo", "wer": null, "predicted_intent_raw": "alarm_remove", "predicted_intent": "alarm_remove", "predicted_parameters": {"day": "Sunday"}, "tsa": 0}
{"condition": "reverb_snr10", "prompt_variant": "minimal", "slurp_id": 8729, "gold_intent": "calendar_set", "gold_sentence": "set a weekly appointment reminder", "transcription": "Set a weekly appointment reminder.", "asr_model": "mlx-community/whisper-large-v3-turbo", "wer": null, "predicted_intent_raw": "alarm_set", "predicted_intent": "alarm_set", "predicted_parameters": {}, "tsa": 0}
{"condition": "reverb_snr10", "prompt_variant": "minimal", "slurp_id": 7104, "gold_intent": "calendar_set", "gold_sentence": "make a calendar entry for brunch on saturday morning with chris kimberly and aaronson", "transcription": "Make a calendar entry for brunch on Saturday morning with Chris, Kimberley and Aronson.", "asr_model": "mlx-community/whisper-large-v3-turbo", "wer": null, "predicted_intent_raw": "calendar_set", "predicted_intent": "calendar_set", "predicted_parameters": {"event": "brunch", "day": "Saturday", "time": "morning", "attendees": ["Chris", "Kimberley", "Aronson"]}, "tsa": 1}
{"condition": "reverb_snr10", "prompt_variant": "minimal", "slurp_id": 7065, "gold_intent": "calendar_query", "gold_sentence": "what events are in my calendar for today", "transcription": "What events are on my calendar for today?", "asr_model": "mlx-community/whisper-large-v3-turbo", "wer": null, "predicted_intent_raw": "calendar_query", "predicted_intent": "calendar_query", "predicted_parameters": {}, "tsa": 1}
{"condition": "reverb_snr10", "prompt_variant": "minimal", "slurp_id": 9013, "gold_intent": "calendar_set", "gold_sentence": "remind me on fifth april there is a meeting with boss", "transcription": "Remind me on 5th April there is a meeting with Bob.", "asr_model": "mlx-community/whisper-large-v3-turbo", "wer": null, "predicted_intent_raw": "alarm_set", "predicted_intent": "alarm_set", "predicted_parameters": {"date": "5th April", "message": "meeting with Bob"}, "tsa": 0}
{"condition": "reverb_snr10", "prompt_variant": "minimal", "slurp_id": 3151, "gold_intent": "alarm_remove", "gold_sentence": "remove my early alarms", "transcription": "Remove my early alarms.", "asr_model": "mlx-community/whisper-large-v3-turbo", "wer": null, "predicted_intent_raw": "alarm_remove", "predicted_intent": "alarm_remove", "predicted_parameters": {}, "tsa": 1}
{"condition": "reverb_snr10", "prompt_variant": "minimal", "slurp_id": 601, "gold_intent": "alarm_set", "gold_sentence": "start alarm", "transcription": "Start alarm.", "asr_model": "mlx-community/whisper-large-v3-turbo", "wer": null, "predicted_intent_raw": "alarm_set", "predicted_intent": "alarm_set", "predicted_parameters": {}, "tsa": 1}
{"condition": "reverb_snr10", "prompt_variant": "minimal", "slurp_id": 7517, "gold_intent": "calendar_set", "gold_sentence": "schedule a meeting on tuesday", "transcription": "Schedule making off the Tuesday.", "asr_model": "mlx-community/whisper-large-v3-turbo", "wer": null, "predicted_intent_raw": "calendar_set", "predicted_intent": "calendar_set", "predicted_parameters": {}, "tsa": 1}
{"condition": "reverb_snr10", "prompt_variant": "minimal", "slurp_id": 10886, "gold_intent": "lists_query", "gold_sentence": "can i check my lists", "transcription": "Can I check my lists?", "asr_model": "mlx-community/whisper-large-v3-turbo", "wer": null, "predicted_intent_raw": "lists_query", "predicted_intent": "lists_query", "predicted_parameters": {}, "tsa": 1}
{"condition": "reverb_snr10", "prompt_variant": "minimal", "slurp_id": 7007, "gold_intent": "calendar_set", "gold_sentence": "set an appointment for allen on tomorrow", "transcription": "Set it apart with four hours of tomorrow.", "asr_model": "mlx-community/whisper-large-v3-turbo", "wer": null, "predicted_intent_raw": "calendar_set", "predicted_intent": "calendar_set", "predicted_parameters": {"time": "tomorrow", "duration": "4 hours"}, "tsa": 1}
{"condition": "reverb_snr10", "prompt_variant": "minimal", "slurp_id": 8834, "gold_intent": "calendar_remove", "gold_sentence": "remove all my meetings for the rest of the week", "transcription": "I approve all my meetings for the rest of the week.", "asr_model": "mlx-community/whisper-large-v3-turbo", "wer": null, "predicted_intent_raw": "calendar_set", "predicted_intent": "calendar_set", "predicted_parameters": {}, "tsa": 0}
{"condition": "reverb_snr10", "prompt_variant": "minimal", "slurp_id": 538, "gold_intent": "alarm_set", "gold_sentence": "set an alarm for one pm", "transcription": "Set an alarm for 1pm.", "asr_model": "mlx-community/whisper-large-v3-turbo", "wer": null, "predicted_intent_raw": "alarm_set", "predicted_intent": "alarm_set", "predicted_parameters": {"time": "1pm"}, "tsa": 1}
{"condition": "reverb_snr10", "prompt_variant": "minimal", "slurp_id": 7351, "gold_intent": "calendar_set", "gold_sentence": "in the calendar put that we are having dinner with frank at eight pm on the ninth of august", "transcription": "In the calendar, put that we are having dinner with Frank at 8pm on the 9th of August.", "asr_model": "mlx-community/whisper-large-v3-turbo", "wer": null, "predicted_intent_raw": "calendar_set", "predicted_intent": "calendar_set", "predicted_parameters": {"event": "dinner with Frank", "time": "8pm", "date": "9th of August"}, "tsa": 1}
{"condition": "reverb_snr10", "prompt_variant": "minimal", "slurp_id": 8046, "gold_intent": "calendar_query", "gold_sentence": "how many meetings do i have next week", "transcription": "How many meetings do I have next week?", "asr_model": "mlx-community/whisper-large-v3-turbo", "wer": null, "predicted_intent_raw": "calendar_query", "predicted_intent": "calendar_query", "predicted_parameters": {}, "tsa": 1}
{"condition": "reverb_snr10", "prompt_variant": "minimal", "slurp_id": 6881, "gold_intent": "calendar_query", "gold_sentence": "when is the next appointment on my calendar", "transcription": "When is the next appointment on my calendar?", "asr_model": "mlx-community/whisper-large-v3-turbo", "wer": null, "predicted_intent_raw": "calendar_query", "predicted_intent": "calendar_query", "predicted_parameters": {}, "tsa": 1}
{"condition": "reverb_snr10", "prompt_variant": "minimal", "slurp_id": 11047, "gold_intent": "lists_remove", "gold_sentence": "remove last played song", "transcription": "Let's play this room.", "asr_model": "mlx-community/whisper-large-v3-turbo", "wer": null, "predicted_intent_raw": "unknown", "predicted_intent": "unknown", "predicted_parameters": {}, "tsa": 0}
{"condition": "reverb_snr10", "prompt_variant": "minimal", "slurp_id": 8859, "gold_intent": "calendar_query", "gold_sentence": "what is my schedule for june fourteenth two thousand and seventeen", "transcription": "What is planned scheduled for June 14, 2017?", "asr_model": "mlx-community/whisper-large-v3-turbo", "wer": null, "predicted_intent_raw": "calendar_query", "predicted_intent": "calendar_query", "predicted_parameters": {"date": "2017-06-14"}, "tsa": 1}
{"condition": "reverb_snr10", "prompt_variant": "minimal", "slurp_id": 937, "gold_intent": "alarm_remove", "gold_sentence": "phones", "transcription": "Phones.", "asr_model": "mlx-community/whisper-large-v3-turbo", "wer": null, "predicted_intent_raw": "unknown", "predicted_intent": "unknown", "predicted_parameters": {}, "tsa": 0}
{"condition": "reverb_snr10", "prompt_variant": "minimal", "slurp_id": 8270, "gold_intent": "calendar_set", "gold_sentence": "notification of meeting on wednesday", "transcription": "Notification of meeting on Wednesday.", "asr_model": "mlx-community/whisper-large-v3-turbo", "wer": null, "predicted_intent_raw": "calendar_query", "predicted_intent": "calendar_query", "predicted_parameters": {}, "tsa": 0}
{"condition": "reverb_snr10", "prompt_variant": "minimal", "slurp_id": 10746, "gold_intent": "lists_remove", "gold_sentence": "remove that item from my list", "transcription": "Remove that item from my list.", "asr_model": "mlx-community/whisper-large-v3-turbo", "wer": null, "predicted_intent_raw": "lists_remove", "predicted_intent": "lists_remove", "predicted_parameters": {}, "tsa": 1}
{"condition": "reverb_snr10", "prompt_variant": "minimal", "slurp_id": 10450, "gold_intent": "lists_query", "gold_sentence": "what is on my shopping list today", "transcription": "What is on my shopping list today?", "asr_model": "mlx-community/whisper-large-v3-turbo", "wer": null, "predicted_intent_raw": "lists_query", "predicted_intent": "lists_query", "predicted_parameters": {}, "tsa": 1}
{"condition": "reverb_snr10", "prompt_variant": "minimal", "slurp_id": 8208, "gold_intent": "calendar_query", "gold_sentence": "what time is the evening meeting i have with john", "transcription": "What time is the evening meeting I have with John?", "asr_model": "mlx-community/whisper-large-v3-turbo", "wer": null, "predicted_intent_raw": "calendar_query", "predicted_intent": "calendar_query", "predicted_parameters": {}, "tsa": 1}
{"condition": "reverb_snr10", "prompt_variant": "minimal", "slurp_id": 11041, "gold_intent": "lists_createoradd", "gold_sentence": "remind me to order more soap", "transcription": "Remind me to all dress up.", "asr_model": "mlx-community/whisper-large-v3-turbo", "wer": null, "predicted_intent_raw": "alarm_set", "predicted_intent": "alarm_set", "predicted_parameters": {"message": "all dress up"}, "tsa": 0}
{"condition": "reverb_snr10", "prompt_variant": "minimal", "slurp_id": 10532, "gold_intent": "lists_query", "gold_sentence": "what were the last five lists i made", "transcription": "What were the last five years time man?", "asr_model": "mlx-community/whisper-large-v3-turbo", "wer": null, "predicted_intent_raw": "unknown", "predicted_intent": "unknown", "predicted_parameters": {}, "tsa": 0}
{"condition": "reverb_snr10", "prompt_variant": "minimal", "slurp_id": 9040, "gold_intent": "calendar_remove", "gold_sentence": "make blank on july three calendar", "transcription": "Make blend on July 3rd, Kanda.", "asr_model": "mlx-community/whisper-large-v3-turbo", "wer": null, "predicted_intent_raw": "calendar_set", "predicted_intent": "calendar_set", "predicted_parameters": {"date": "July 3rd", "location": "Kanda", "event": "blend"}, "tsa": 0}
{"condition": "reverb_snr10", "prompt_variant": "minimal", "slurp_id": 9144, "gold_intent": "calendar_set", "gold_sentence": "remind me that i have an appointment twelve o clock on saturday", "transcription": "Remind me that I have an appointment to overflow on Saturday.", "asr_model": "mlx-community/whisper-large-v3-turbo", "wer": null, "predicted_intent_raw": "alarm_set", "predicted_intent": "alarm_set", "predicted_parameters": {"message": "appointment to overflow", "day": "Saturday"}, "tsa": 0}
{"condition": "reverb_snr10", "prompt_variant": "minimal", "slurp_id": 7747, "gold_intent": "calendar_remove", "gold_sentence": "remove all data from my calendar", "transcription": "Move all details from my calendar.", "asr_model": "mlx-community/whisper-large-v3-turbo", "wer": null, "predicted_intent_raw": "calendar_remove", "predicted_intent": "calendar_remove", "predicted_parameters": {}, "tsa": 1}
{"condition": "reverb_snr10", "prompt_variant": "minimal", "slurp_id": 7474, "gold_intent": "calendar_set", "gold_sentence": "remember to fix a meeting between me and the players tomorrow evening by seven", "transcription": "Mamma to fix a meeting between me and the players tomorrow evening by Saturday.", "asr_model": "mlx-community/whisper-large-v3-turbo", "wer": null, "predicted_intent_raw": "calendar_set", "predicted_intent": "calendar_set", "predicted_parameters": {"description": "fix a meeting between me and the players", "date": "tomorrow evening", "end_date": "Saturday"}, "tsa": 1}
{"condition": "reverb_snr10", "prompt_variant": "minimal", "slurp_id": 6760, "gold_intent": "calendar_remove", "gold_sentence": "cancel my five pm daily call", "transcription": "Cancel my 5 p.m. daily call.", "asr_model": "mlx-community/whisper-large-v3-turbo", "wer": null, "predicted_intent_raw": "calendar_remove", "predicted_intent": "calendar_remove", "predicted_parameters": {"time": "5 p.m.", "frequency": "daily", "event": "call"}, "tsa": 1}
{"condition": "reverb_snr10", "prompt_variant": "minimal", "slurp_id": 7846, "gold_intent": "calendar_query", "gold_sentence": "what reminders are coming up this week", "transcription": "What reminders are coming up for this week?", "asr_model": "mlx-community/whisper-large-v3-turbo", "wer": null, "predicted_intent_raw": "alarm_query", "predicted_intent": "alarm_query", "predicted_parameters": {}, "tsa": 0}
{"condition": "reverb_snr10", "prompt_variant": "minimal", "slurp_id": 7653, "gold_intent": "calendar_set", "gold_sentence": "don't forget to remind me of my brother's birthday on april twenty", "transcription": "Don't forget to remind me of my brother's birthday on April 20th.", "asr_model": "mlx-community/whisper-large-v3-turbo", "wer": null, "predicted_intent_raw": "alarm_set", "predicted_intent": "alarm_set", "predicted_parameters": {"message": "brother's birthday", "date": "April 20th"}, "tsa": 0}
{"condition": "reverb_snr10", "prompt_variant": "minimal", "slurp_id": 7131, "gold_intent": "calendar_remove", "gold_sentence": "delete the wedding on the tenth from my calendar", "transcription": "Delete the word name on the 10th from my calendar.", "asr_model": "mlx-community/whisper-large-v3-turbo", "wer": null, "predicted_intent_raw": "calendar_remove", "predicted_intent": "calendar_remove", "predicted_parameters": {"event_index": 10, "field": "name"}, "tsa": 1}
{"condition": "reverb_snr10", "prompt_variant": "minimal", "slurp_id": 8047, "gold_intent": "calendar_set", "gold_sentence": "on february fourteenth make dinner reservations at the restaurant", "transcription": "14, make the reservations at the restaurant.", "asr_model": "mlx-community/whisper-large-v3-turbo", "wer": null, "predicted_intent_raw": "unknown", "predicted_intent": "unknown", "predicted_parameters": {}, "tsa": 0}
{"condition": "reverb_snr10", "prompt_variant": "minimal", "slurp_id": 8938, "gold_intent": "calendar_set", "gold_sentence": "john marriage anniversary", "transcription": "Parish anniversary", "asr_model": "mlx-community/whisper-large-v3-turbo", "wer": null, "predicted_intent_raw": "unknown", "predicted_intent": "unknown", "predicted_parameters": {}, "tsa": 0}
{"condition": "reverb_snr10", "prompt_variant": "minimal", "slurp_id": 7688, "gold_intent": "calendar_query", "gold_sentence": "do i have any reminders pending", "transcription": "Do I have any reminders?", "asr_model": "mlx-community/whisper-large-v3-turbo", "wer": null, "predicted_intent_raw": "alarm_query", "predicted_intent": "alarm_query", "predicted_parameters": {}, "tsa": 0}
{"condition": "reverb_snr10", "prompt_variant": "minimal", "slurp_id": 8668, "gold_intent": "calendar_query", "gold_sentence": "in the last year how many hours have i been in meetings", "transcription": "In the last year, how many hours have I been in meetings?", "asr_model": "mlx-community/whisper-large-v3-turbo", "wer": null, "predicted_intent_raw": "calendar_query", "predicted_intent": "calendar_query", "predicted_parameters": {"time_range": "last year", "metric": "meeting hours"}, "tsa": 1}
{"condition": "reverb_snr10", "prompt_variant": "minimal", "slurp_id": 4317, "gold_intent": "alarm_set", "gold_sentence": "set an alarm for ten o'clock tomorrow morning", "transcription": "Set on alarm for 10 o'clock tomorrow morning.", "asr_model": "mlx-community/whisper-large-v3-turbo", "wer": null, "predicted_intent_raw": "alarm_set", "predicted_intent": "alarm_set", "predicted_parameters": {"time": "10:00", "date": "tomorrow", "period": "morning"}, "tsa": 1}
{"condition": "reverb_snr10", "prompt_variant": "minimal", "slurp_id": 9008, "gold_intent": "calendar_remove", "gold_sentence": "remove birthday event from my calendar", "transcription": "Move body weight from my calendar.", "asr_model": "mlx-community/whisper-large-v3-turbo", "wer": null, "predicted_intent_raw": "calendar_remove", "predicted_intent": "calendar_remove", "predicted_parameters": {}, "tsa": 1}
{"condition": "reverb_snr10", "prompt_variant": "minimal", "slurp_id": 4198, "gold_intent": "alarm_remove", "gold_sentence": "remove the alarm set for four hundred am", "transcription": "Remove the alarm sets for 400 AM.", "asr_model": "mlx-community/whisper-large-v3-turbo", "wer": null, "predicted_intent_raw": "alarm_remove", "predicted_intent": "alarm_remove", "predicted_parameters": {"time": "400 AM"}, "tsa": 1}
{"condition": "reverb_snr10", "prompt_variant": "minimal", "slurp_id": 10629, "gold_intent": "lists_remove", "gold_sentence": "please remove this item from the list", "transcription": "Please remove this item from the list.", "asr_model": "mlx-community/whisper-large-v3-turbo", "wer": null, "predicted_intent_raw": "lists_remove", "predicted_intent": "lists_remove", "predicted_parameters": {}, "tsa": 1}
{"condition": "reverb_snr10", "prompt_variant": "minimal", "slurp_id": 6823, "gold_intent": "calendar_set", "gold_sentence": "olly i want to go to the outdoor movie screening this weekend remind me", "transcription": "Oli, I want to go to the Outlaw Movie Screening this weekend. Remind me.", "asr_model": "mlx-community/whisper-large-v3-turbo", "wer": null, "predicted_intent_raw": "alarm_set", "predicted_intent": "alarm_set", "predicted_parameters": {"event": "Outlaw Movie Screening", "time": "this weekend"}, "tsa": 0}
{"condition": "reverb_snr10", "prompt_variant": "minimal", "slurp_id": 10797, "gold_intent": "lists_createoradd", "gold_sentence": "please add milk to the grocery list", "transcription": "Please add milk to the grocery list.", "asr_model": "mlx-community/whisper-large-v3-turbo", "wer": null, "predicted_intent_raw": "lists_createoradd", "predicted_intent": "lists_createoradd", "predicted_parameters": {"item": "milk", "list_type": "grocery"}, "tsa": 1}
{"condition": "reverb_snr10", "prompt_variant": "minimal", "slurp_id": 9049, "gold_intent": "alarm_set", "gold_sentence": "set an alarm for four pm tuesday", "transcription": "Set an alarm for 4 p.m. Tuesday", "asr_model": "mlx-community/whisper-large-v3-turbo", "wer": null, "predicted_intent_raw": "alarm_set", "predicted_intent": "alarm_set", "predicted_parameters": {"time": "4 p.m. Tuesday"}, "tsa": 1}
{"condition": "reverb_snr10", "prompt_variant": "minimal", "slurp_id": 10767, "gold_intent": "lists_query", "gold_sentence": "are eggs on my shopping list", "transcription": "More eggs on my shopping list", "asr_model": "mlx-community/whisper-large-v3-turbo", "wer": null, "predicted_intent_raw": "lists_createoradd", "predicted_intent": "lists_createoradd", "predicted_parameters": {"item": "eggs"}, "tsa": 0}
{"condition": "reverb_snr10", "prompt_variant": "minimal", "slurp_id": 7357, "gold_intent": "calendar_query", "gold_sentence": "what are the list of events in my calendar in march", "transcription": "What are the list of events in my calendar in March?", "asr_model": "mlx-community/whisper-large-v3-turbo", "wer": null, "predicted_intent_raw": "calendar_query", "predicted_intent": "calendar_query", "predicted_parameters": {"month": "March"}, "tsa": 1}
{"condition": "reverb_snr10", "prompt_variant": "minimal", "slurp_id": 7064, "gold_intent": "calendar_remove", "gold_sentence": "please delete all of my calendar events for the rest of the day", "transcription": "Please delete all of my Klingda events for the rest of the day.", "asr_model": "mlx-community/whisper-large-v3-turbo", "wer": null, "predicted_intent_raw": "calendar_remove", "predicted_intent": "calendar_remove", "predicted_parameters": {"events": "Klingda", "time_range": "rest of the day"}, "tsa": 1}
{"condition": "reverb_snr10", "prompt_variant": "minimal", "slurp_id": 10962, "gold_intent": "lists_remove", "gold_sentence": "i don't want this list any more", "transcription": "I don't want this list anymore.", "asr_model": "mlx-community/whisper-large-v3-turbo", "wer": null, "predicted_intent_raw": "lists_remove", "predicted_intent": "lists_remove", "predicted_parameters": {}, "tsa": 1}
{"condition": "reverb_snr10", "prompt_variant": "minimal", "slurp_id": 10468, "gold_intent": "lists_createoradd", "gold_sentence": "can you create a new list", "transcription": "Can you create a new lift?", "asr_model": "mlx-community/whisper-large-v3-turbo", "wer": null, "predicted_intent_raw": "lists_createoradd", "predicted_intent": "lists_createoradd", "predicted_parameters": {}, "tsa": 1}
{"condition": "reverb_snr10", "prompt_variant": "minimal", "slurp_id": 10557, "gold_intent": "lists_query", "gold_sentence": "please show my list", "transcription": "Please show my list.", "asr_model": "mlx-community/whisper-large-v3-turbo", "wer": null, "predicted_intent_raw": "lists_query", "predicted_intent": "lists_query", "predicted_parameters": {}, "tsa": 1}
{"condition": "reverb_snr10", "prompt_variant": "minimal", "slurp_id": 4850, "gold_intent": "alarm_set", "gold_sentence": "set an alarm for five minutes from now", "transcription": "Set an alarm for 5 minutes from now.", "asr_model": "mlx-community/whisper-large-v3-turbo", "wer": null, "predicted_intent_raw": "alarm_set", "predicted_intent": "alarm_set", "predicted_parameters": {"time": "5 minutes from now"}, "tsa": 1}
{"condition": "reverb_snr10", "prompt_variant": "minimal", "slurp_id": 11076, "gold_intent": "lists_query", "gold_sentence": "what is that on the list", "transcription": "What is that on the list?", "asr_model": "mlx-community/whisper-large-v3-turbo", "wer": null, "predicted_intent_raw": "lists_query", "predicted_intent": "lists_query", "predicted_parameters": {}, "tsa": 1}
{"condition": "reverb_snr10", "prompt_variant": "minimal", "slurp_id": 10896, "gold_intent": "lists_remove", "gold_sentence": "remove item from my list", "transcription": "Real item from my list.", "asr_model": "mlx-community/whisper-large-v3-turbo", "wer": null, "predicted_intent_raw": "lists_remove", "predicted_intent": "lists_remove", "predicted_parameters": {}, "tsa": 1}
{"condition": "reverb_snr10", "prompt_variant": "minimal", "slurp_id": 5099, "gold_intent": "alarm_remove", "gold_sentence": "olly cancel alarms", "transcription": "Cancel alarm.", "asr_model": "mlx-community/whisper-large-v3-turbo", "wer": null, "predicted_intent_raw": "alarm_remove", "predicted_intent": "alarm_remove", "predicted_parameters": {}, "tsa": 1}
{"condition": "reverb_snr10", "prompt_variant": "minimal", "slurp_id": 8953, "gold_intent": "calendar_set", "gold_sentence": "let me know of the meeting on tuesday", "transcription": "Let me know of the meeting of you.", "asr_model": "mlx-community/whisper-large-v3-turbo", "wer": null, "predicted_intent_raw": "unknown", "predicted_intent": "unknown", "predicted_parameters": {}, "tsa": 0}
{"condition": "reverb_snr10", "prompt_variant": "minimal", "slurp_id": 4723, "gold_intent": "alarm_query", "gold_sentence": "list my different alarm", "transcription": "List my different alarm.", "asr_model": "mlx-community/whisper-large-v3-turbo", "wer": null, "predicted_intent_raw": "alarm_query", "predicted_intent": "alarm_query", "predicted_parameters": {}, "tsa": 1}
{"condition": "reverb_snr10", "prompt_variant": "minimal", "slurp_id": 8609, "gold_intent": "calendar_set", "gold_sentence": "cancel my meeting with lisa on tuesday and reschedule it for thursday", "transcription": "My meeting with Lisa on Tuesday and we schedule it for Thursday.", "asr_model": "mlx-community/whisper-large-v3-turbo", "wer": null, "predicted_intent_raw": "calendar_set", "predicted_intent": "calendar_set", "predicted_parameters": {}, "tsa": 1}
{"condition": "reverb_snr10", "prompt_variant": "minimal", "slurp_id": 232, "gold_intent": "alarm_set", "gold_sentence": "set an alarm at six in the morning", "transcription": "Set an alarm at 6 in the morning.", "asr_model": "mlx-community/whisper-large-v3-turbo", "wer": null, "predicted_intent_raw": "alarm_set", "predicted_intent": "alarm_set", "predicted_parameters": {"time": "6:00 AM"}, "tsa": 1}
{"condition": "reverb_snr10", "prompt_variant": "minimal", "slurp_id": 11065, "gold_intent": "lists_query", "gold_sentence": "hey olly what are my lists", "transcription": "Hey PDA, what are my lists?", "asr_model": "mlx-community/whisper-large-v3-turbo", "wer": null, "predicted_intent_raw": "lists_query", "predicted_intent": "lists_query", "predicted_parameters": {}, "tsa": 1}
{"condition": "reverb_snr10", "prompt_variant": "minimal", "slurp_id": 8594, "gold_intent": "calendar_set", "gold_sentence": "schedule an event in my calendar for the pool party at jack's place this saturday", "transcription": "Can you event in my calendar for the pool party at Jeff's place this Thursday?", "asr_model": "mlx-community/whisper-large-v3-turbo", "wer": null, "predicted_intent_raw": "calendar_set", "predicted_intent": "calendar_set", "predicted_parameters": {"event": "pool party", "location": "Jeff's place", "day": "Thursday"}, "tsa": 1}
{"condition": "reverb_snr10", "prompt_variant": "minimal", "slurp_id": 3956, "gold_intent": "alarm_set", "gold_sentence": "alert me in three hours", "transcription": "Let me in three hours.", "asr_model": "mlx-community/whisper-large-v3-turbo", "wer": null, "predicted_intent_raw": "unknown", "predicted_intent": "unknown", "predicted_parameters": {}, "tsa": 0}
{"condition": "reverb_snr10", "prompt_variant": "minimal", "slurp_id": 8063, "gold_intent": "calendar_query", "gold_sentence": "when is my next reminder", "transcription": "When is my next reminder?", "asr_model": "mlx-community/whisper-large-v3-turbo", "wer": null, "predicted_intent_raw": "alarm_query", "predicted_intent": "alarm_query", "predicted_parameters": {}, "tsa": 0}
{"condition": "reverb_snr10", "prompt_variant": "minimal", "slurp_id": 11045, "gold_intent": "lists_query", "gold_sentence": "open my list", "transcription": "Open my list.", "asr_model": "mlx-community/whisper-large-v3-turbo", "wer": null, "predicted_intent_raw": "lists_query", "predicted_intent": "lists_query", "predicted_parameters": {}, "tsa": 1}
{"condition": "reverb_snr10", "prompt_variant": "expanded", "slurp_id": 7043, "gold_intent": "alarm_set", "gold_sentence": "set an alarm for two hours from now please", "transcription": "Settle along for two hours from now please.", "asr_model": "mlx-community/whisper-large-v3-turbo", "wer": null, "predicted_intent_raw": "calendar_set", "predicted_intent": "calendar_set", "predicted_parameters": {"event_name": "Settle along", "time": "2 hours from now"}, "tsa": 0}
{"condition": "reverb_snr10", "prompt_variant": "expanded", "slurp_id": 9136, "gold_intent": "calendar_query", "gold_sentence": "any meeting on friday", "transcription": "Any video?", "asr_model": "mlx-community/whisper-large-v3-turbo", "wer": null, "predicted_intent_raw": "unknown", "predicted_intent": "unknown", "predicted_parameters": {}, "tsa": 0}
{"condition": "reverb_snr10", "prompt_variant": "expanded", "slurp_id": 8272, "gold_intent": "calendar_set", "gold_sentence": "add my upcoming meeting to my calendar", "transcription": "at my upcoming meeting to my calendar", "asr_model": "mlx-community/whisper-large-v3-turbo", "wer": null, "predicted_intent_raw": "calendar_set", "predicted_intent": "calendar_set", "predicted_parameters": {}, "tsa": 1}
{"condition": "reverb_snr10", "prompt_variant": "expanded", "slurp_id": 10973, "gold_intent": "lists_createoradd", "gold_sentence": "create a new list for school supplies", "transcription": "Create a new list for school supplies.", "asr_model": "mlx-community/whisper-large-v3-turbo", "wer": null, "predicted_intent_raw": "lists_createoradd", "predicted_intent": "lists_createoradd", "predicted_parameters": {"list_name": "school supplies"}, "tsa": 1}
{"condition": "reverb_snr10", "prompt_variant": "expanded", "slurp_id": 4853, "gold_intent": "alarm_set", "gold_sentence": "please set my alarm", "transcription": "Please get my alarm.", "asr_model": "mlx-community/whisper-large-v3-turbo", "wer": null, "predicted_intent_raw": "alarm_query", "predicted_intent": "alarm_query", "predicted_parameters": {}, "tsa": 0}
{"condition": "reverb_snr10", "prompt_variant": "expanded", "slurp_id": 10754, "gold_intent": "lists_query", "gold_sentence": "read back what i put on my to do list for this week", "transcription": "PDA, read back what I put on my to-do list for this week.", "asr_model": "mlx-community/whisper-large-v3-turbo", "wer": null, "predicted_intent_raw": "lists_query", "predicted_intent": "lists_query", "predicted_parameters": {"list_name": "to-do"}, "tsa": 1}
{"condition": "reverb_snr10", "prompt_variant": "expanded", "slurp_id": 6751, "gold_intent": "calendar_query", "gold_sentence": "when is my next meeting", "transcription": "This is my next meeting.", "asr_model": "mlx-community/whisper-large-v3-turbo", "wer": null, "predicted_intent_raw": "calendar_query", "predicted_intent": "calendar_query", "predicted_parameters": {}, "tsa": 1}
{"condition": "reverb_snr10", "prompt_variant": "expanded", "slurp_id": 10806, "gold_intent": "lists_query", "gold_sentence": "will you please show me my lists", "transcription": "Will you please show me my lists?", "asr_model": "mlx-community/whisper-large-v3-turbo", "wer": null, "predicted_intent_raw": "lists_query", "predicted_intent": "lists_query", "predicted_parameters": {}, "tsa": 1}
{"condition": "reverb_snr10", "prompt_variant": "expanded", "slurp_id": 6827, "gold_intent": "calendar_query", "gold_sentence": "have you added a meeting with tom tomorrow at nine pm", "transcription": "Have you ended a meeting with Tom tomorrow at 9.00 a.m.", "asr_model": "mlx-community/whisper-large-v3-turbo", "wer": null, "predicted_intent_raw": "calendar_query", "predicted_intent": "calendar_query", "predicted_parameters": {"person": "Tom", "date": "tomorrow", "time": "9:00 AM"}, "tsa": 1}
{"condition": "reverb_snr10", "prompt_variant": "expanded", "slurp_id": 8873, "gold_intent": "calendar_set", "gold_sentence": "remember dinner on thursday at bistro italia", "transcription": "Remember dinner on Thursday at Bisto Italia.", "asr_model": "mlx-community/whisper-large-v3-turbo", "wer": null, "predicted_intent_raw": "calendar_set", "predicted_intent": "calendar_set", "predicted_parameters": {"event_name": "dinner", "date": "Thursday", "location": "Bisto Italia"}, "tsa": 1}
{"condition": "reverb_snr10", "prompt_variant": "expanded", "slurp_id": 11160, "gold_intent": "lists_remove", "gold_sentence": "i don't want eggs", "transcription": "I don't want that.", "asr_model": "mlx-community/whisper-large-v3-turbo", "wer": null, "predicted_intent_raw": "unknown", "predicted_intent": "unknown", "predicted_parameters": {}, "tsa": 0}
{"condition": "reverb_snr10", "prompt_variant": "expanded", "slurp_id": 7753, "gold_intent": "calendar_query", "gold_sentence": "what do i have to do on monday", "transcription": "I have to do a moment.", "asr_model": "mlx-community/whisper-large-v3-turbo", "wer": null, "predicted_intent_raw": "unknown", "predicted_intent": "unknown", "predicted_parameters": {}, "tsa": 0}
{"condition": "reverb_snr10", "prompt_variant": "expanded", "slurp_id": 10666, "gold_intent": "lists_query", "gold_sentence": "read the list", "transcription": "With the last", "asr_model": "mlx-community/whisper-large-v3-turbo", "wer": null, "predicted_intent_raw": "unknown", "predicted_intent": "unknown", "predicted_parameters": {}, "tsa": 0}
{"condition": "reverb_snr10", "prompt_variant": "expanded", "slurp_id": 10741, "gold_intent": "lists_createoradd", "gold_sentence": "add something to my list", "transcription": "It's an optimal list.", "asr_model": "mlx-community/whisper-large-v3-turbo", "wer": null, "predicted_intent_raw": "unknown", "predicted_intent": "unknown", "predicted_parameters": {}, "tsa": 0}
{"condition": "reverb_snr10", "prompt_variant": "expanded", "slurp_id": 8146, "gold_intent": "calendar_remove", "gold_sentence": "cancel my meeting on the fourteenth", "transcription": "Council my meeting on the 14th.", "asr_model": "mlx-community/whisper-large-v3-turbo", "wer": null, "predicted_intent_raw": "calendar_set", "predicted_intent": "calendar_set", "predicted_parameters": {"date": "14th"}, "tsa": 0}
{"condition": "reverb_snr10", "prompt_variant": "expanded", "slurp_id": 8802, "gold_intent": "calendar_set", "gold_sentence": "please remind me of", "transcription": "Please remind me of...", "asr_model": "mlx-community/whisper-large-v3-turbo", "wer": null, "predicted_intent_raw": "unknown", "predicted_intent": "unknown", "predicted_parameters": {}, "tsa": 0}
{"condition": "reverb_snr10", "prompt_variant": "expanded", "slurp_id": 10901, "gold_intent": "lists_createoradd", "gold_sentence": "create a new list of", "transcription": "Great leaders, girls.", "asr_model": "mlx-community/whisper-large-v3-turbo", "wer": null, "predicted_intent_raw": "unknown", "predicted_intent": "unknown", "predicted_parameters": {}, "tsa": 0}
{"condition": "reverb_snr10", "prompt_variant": "expanded", "slurp_id": 7852, "gold_intent": "calendar_set", "gold_sentence": "add event baseball practice five pm tonight", "transcription": "At Event Baseball practice 5pm tonight", "asr_model": "mlx-community/whisper-large-v3-turbo", "wer": null, "predicted_intent_raw": "calendar_set", "predicted_intent": "calendar_set", "predicted_parameters": {"event_name": "Baseball practice", "time": "5:00 PM", "date": "tonight"}, "tsa": 1}
{"condition": "reverb_snr10", "prompt_variant": "expanded", "slurp_id": 10883, "gold_intent": "lists_remove", "gold_sentence": "please tell me how can i remove the item", "transcription": "Please tell me how can I remove the items?", "asr_model": "mlx-community/whisper-large-v3-turbo", "wer": null, "predicted_intent_raw": "unknown", "predicted_intent": "unknown", "predicted_parameters": {}, "tsa": 0}
{"condition": "reverb_snr10", "prompt_variant": "expanded", "slurp_id": 7174, "gold_intent": "calendar_remove", "gold_sentence": "cancel", "transcription": "Cancel.", "asr_model": "mlx-community/whisper-large-v3-turbo", "wer": null, "predicted_intent_raw": "unknown", "predicted_intent": "unknown", "predicted_parameters": {}, "tsa": 0}
{"condition": "reverb_snr10", "prompt_variant": "expanded", "slurp_id": 10521, "gold_intent": "lists_remove", "gold_sentence": "erase my old english songs list", "transcription": "You raised my old English songs list.", "asr_model": "mlx-community/whisper-large-v3-turbo", "wer": null, "predicted_intent_raw": "lists_query", "predicted_intent": "lists_query", "predicted_parameters": {"list_name": "old English songs"}, "tsa": 0}
{"condition": "reverb_snr10", "prompt_variant": "expanded", "slurp_id": 7631, "gold_intent": "calendar_set", "gold_sentence": "set twelve noon prayer for every friday", "transcription": "Set 12 noon prayer for every Friday.", "asr_model": "mlx-community/whisper-large-v3-turbo", "wer": null, "predicted_intent_raw": "alarm_set", "predicted_intent": "alarm_set", "predicted_parameters": {"time": "12:00 PM", "date": "every Friday"}, "tsa": 0}
{"condition": "reverb_snr10", "prompt_variant": "expanded", "slurp_id": 10648, "gold_intent": "lists_createoradd", "gold_sentence": "add grocery to list", "transcription": "Add grocery to list", "asr_model": "mlx-community/whisper-large-v3-turbo", "wer": null, "predicted_intent_raw": "lists_createoradd", "predicted_intent": "lists_createoradd", "predicted_parameters": {"item_name": "grocery"}, "tsa": 1}
{"condition": "reverb_snr10", "prompt_variant": "expanded", "slurp_id": 2720, "gold_intent": "alarm_set", "gold_sentence": "set an alarm for five thirty", "transcription": "Set an alarm for 5.30.", "asr_model": "mlx-community/whisper-large-v3-turbo", "wer": null, "predicted_intent_raw": "alarm_set", "predicted_intent": "alarm_set", "predicted_parameters": {"time": "5:30"}, "tsa": 1}
{"condition": "reverb_snr10", "prompt_variant": "expanded", "slurp_id": 7445, "gold_intent": "calendar_set", "gold_sentence": "please create an event with only these people", "transcription": "Let's create an event with only these people.", "asr_model": "mlx-community/whisper-large-v3-turbo", "wer": null, "predicted_intent_raw": "calendar_set", "predicted_intent": "calendar_set", "predicted_parameters": {}, "tsa": 1}
{"condition": "reverb_snr10", "prompt_variant": "expanded", "slurp_id": 3463, "gold_intent": "alarm_set", "gold_sentence": "i would like a wake up alarm at seven am tomorrow", "transcription": "I would like to wake up alarm at 7 a.m.", "asr_model": "mlx-community/whisper-large-v3-turbo", "wer": null, "predicted_intent_raw": "alarm_set", "predicted_intent": "alarm_set", "predicted_parameters": {"time": "7:00 AM"}, "tsa": 1}
{"condition": "reverb_snr10", "prompt_variant": "expanded", "slurp_id": 8258, "gold_intent": "calendar_query", "gold_sentence": "more about the concert in st pete", "transcription": "More about the concert in St. Pete.", "asr_model": "mlx-community/whisper-large-v3-turbo", "wer": null, "predicted_intent_raw": "unknown", "predicted_intent": "unknown", "predicted_parameters": {}, "tsa": 0}
{"condition": "reverb_snr10", "prompt_variant": "expanded", "slurp_id": 8655, "gold_intent": "calendar_set", "gold_sentence": "add an event starting at three pm in goshen new york on may fifth for dan's graduation", "transcription": "At an event starting at 3 p.m. in Boston, New York on May 5th for dance graduation.", "asr_model": "mlx-community/whisper-large-v3-turbo", "wer": null, "predicted_intent_raw": "calendar_set", "predicted_intent": "calendar_set", "predicted_parameters": {"event_name": "dance graduation", "time": "3:00 PM", "date": "May 5th", "location": "Boston, New York"}, "tsa": 1}
{"condition": "reverb_snr10", "prompt_variant": "expanded", "slurp_id": 8152, "gold_intent": "calendar_query", "gold_sentence": "give me information about the concert on tuesday night", "transcription": "Give me information about the concert on Tuesday night.", "asr_model": "mlx-community/whisper-large-v3-turbo", "wer": null, "predicted_intent_raw": "calendar_query", "predicted_intent": "calendar_query", "predicted_parameters": {"date": "Tuesday night"}, "tsa": 1}
{"condition": "reverb_snr10", "prompt_variant": "expanded", "slurp_id": 10728, "gold_intent": "lists_query", "gold_sentence": "display available lists", "transcription": "Display available lists.", "asr_model": "mlx-community/whisper-large-v3-turbo", "wer": null, "predicted_intent_raw": "lists_query", "predicted_intent": "lists_query", "predicted_parameters": {}, "tsa": 1}
{"condition": "reverb_snr10", "prompt_variant": "expanded", "slurp_id": 10925, "gold_intent": "lists_createoradd", "gold_sentence": "create a new list of my pending bills", "transcription": "I need a new list for my pen in bed.", "asr_model": "mlx-community/whisper-large-v3-turbo", "wer": null, "predicted_intent_raw": "lists_createoradd", "predicted_intent": "lists_createoradd", "predicted_parameters": {"item_name": "pen", "list_name": "bed"}, "tsa": 1}
{"condition": "reverb_snr10", "prompt_variant": "expanded", "slurp_id": 7101, "gold_intent": "calendar_set", "gold_sentence": "let me know the morning of my doctor appointment on the twelfth", "transcription": "Let me know the morning of my daughter's appointment on the 12th.", "asr_model": "mlx-community/whisper-large-v3-turbo", "wer": null, "predicted_intent_raw": "calendar_query", "predicted_intent": "calendar_query", "predicted_parameters": {"date": "12th"}, "tsa": 0}
{"condition": "reverb_snr10", "prompt_variant": "expanded", "slurp_id": 11022, "gold_intent": "lists_remove", "gold_sentence": "we're out of paint so take bathroom painting off the list", "transcription": "We are out of paint, so take Baldwin painting off the list.", "asr_model": "mlx-community/whisper-large-v3-turbo", "wer": null, "predicted_intent_raw": "lists_remove", "predicted_intent": "lists_remove", "predicted_parameters": {"item_name": "Baldwin painting"}, "tsa": 1}
{"condition": "reverb_snr10", "prompt_variant": "expanded", "slurp_id": 7309, "gold_intent": "calendar_query", "gold_sentence": "what is my first appointment today", "transcription": "What is my first appointment today?", "asr_model": "mlx-community/whisper-large-v3-turbo", "wer": null, "predicted_intent_raw": "calendar_query", "predicted_intent": "calendar_query", "predicted_parameters": {"date": "today"}, "tsa": 1}
{"condition": "reverb_snr10", "prompt_variant": "expanded", "slurp_id": 8848, "gold_intent": "calendar_set", "gold_sentence": "please tell me to take my umbrella because it will be very hot today", "transcription": "Please tell me to take my umbrella because it will be very hot today.", "asr_model": "mlx-community/whisper-large-v3-turbo", "wer": null, "predicted_intent_raw": "unknown", "predicted_intent": "unknown", "predicted_parameters": {}, "tsa": 0}
{"condition": "reverb_snr10", "prompt_variant": "expanded", "slurp_id": 4318, "gold_intent": "alarm_set", "gold_sentence": "wake me up at ten", "transcription": "Put me up at 10.", "asr_model": "mlx-community/whisper-large-v3-turbo", "wer": null, "predicted_intent_raw": "alarm_set", "predicted_intent": "alarm_set", "predicted_parameters": {"time": "10:00"}, "tsa": 1}
{"condition": "reverb_snr10", "prompt_variant": "expanded", "slurp_id": 7112, "gold_intent": "calendar_query", "gold_sentence": "when is that meeting with my boss next week", "transcription": "I'm finished at meeting with my boss next week.", "asr_model": "mlx-community/whisper-large-v3-turbo", "wer": null, "predicted_intent_raw": "calendar_set", "predicted_intent": "calendar_set", "predicted_parameters": {"event_name": "meeting with my boss", "date": "next week"}, "tsa": 0}
{"condition": "reverb_snr10", "prompt_variant": "expanded", "slurp_id": 8385, "gold_intent": "calendar_query", "gold_sentence": "is this week a payday week", "transcription": "Is this week a payday week?", "asr_model": "mlx-community/whisper-large-v3-turbo", "wer": null, "predicted_intent_raw": "unknown", "predicted_intent": "unknown", "predicted_parameters": {}, "tsa": 0}
{"condition": "reverb_snr10", "prompt_variant": "expanded", "slurp_id": 8863, "gold_intent": "calendar_remove", "gold_sentence": "please delete all reminder of sunday", "transcription": "Please delete all reminder of Sunday.", "asr_model": "mlx-community/whisper-large-v3-turbo", "wer": null, "predicted_intent_raw": "alarm_remove", "predicted_intent": "alarm_remove", "predicted_parameters": {"date": "Sunday"}, "tsa": 0}
{"condition": "reverb_snr10", "prompt_variant": "expanded", "slurp_id": 8729, "gold_intent": "calendar_set", "gold_sentence": "set a weekly appointment reminder", "transcription": "Set a weekly appointment reminder.", "asr_model": "mlx-community/whisper-large-v3-turbo", "wer": null, "predicted_intent_raw": "calendar_set", "predicted_intent": "calendar_set", "predicted_parameters": {}, "tsa": 1}
{"condition": "reverb_snr10", "prompt_variant": "expanded", "slurp_id": 7104, "gold_intent": "calendar_set", "gold_sentence": "make a calendar entry for brunch on saturday morning with chris kimberly and aaronson", "transcription": "Make a calendar entry for brunch on Saturday morning with Chris, Kimberley and Aronson.", "asr_model": "mlx-community/whisper-large-v3-turbo", "wer": null, "predicted_intent_raw": "calendar_set", "predicted_intent": "calendar_set", "predicted_parameters": {"event_name": "brunch", "date": "Saturday", "person": "Chris, Kimberley and Aronson"}, "tsa": 1}
{"condition": "reverb_snr10", "prompt_variant": "expanded", "slurp_id": 7065, "gold_intent": "calendar_query", "gold_sentence": "what events are in my calendar for today", "transcription": "What events are on my calendar for today?", "asr_model": "mlx-community/whisper-large-v3-turbo", "wer": null, "predicted_intent_raw": "calendar_query", "predicted_intent": "calendar_query", "predicted_parameters": {"date": "today"}, "tsa": 1}
{"condition": "reverb_snr10", "prompt_variant": "expanded", "slurp_id": 9013, "gold_intent": "calendar_set", "gold_sentence": "remind me on fifth april there is a meeting with boss", "transcription": "Remind me on 5th April there is a meeting with Bob.", "asr_model": "mlx-community/whisper-large-v3-turbo", "wer": null, "predicted_intent_raw": "alarm_set", "predicted_intent": "alarm_set", "predicted_parameters": {"time": "5th April", "person": "Bob"}, "tsa": 0}
{"condition": "reverb_snr10", "prompt_variant": "expanded", "slurp_id": 3151, "gold_intent": "alarm_remove", "gold_sentence": "remove my early alarms", "transcription": "Remove my early alarms.", "asr_model": "mlx-community/whisper-large-v3-turbo", "wer": null, "predicted_intent_raw": "alarm_remove", "predicted_intent": "alarm_remove", "predicted_parameters": {}, "tsa": 1}
{"condition": "reverb_snr10", "prompt_variant": "expanded", "slurp_id": 601, "gold_intent": "alarm_set", "gold_sentence": "start alarm", "transcription": "Start alarm.", "asr_model": "mlx-community/whisper-large-v3-turbo", "wer": null, "predicted_intent_raw": "alarm_set", "predicted_intent": "alarm_set", "predicted_parameters": {}, "tsa": 1}
{"condition": "reverb_snr10", "prompt_variant": "expanded", "slurp_id": 7517, "gold_intent": "calendar_set", "gold_sentence": "schedule a meeting on tuesday", "transcription": "Schedule making off the Tuesday.", "asr_model": "mlx-community/whisper-large-v3-turbo", "wer": null, "predicted_intent_raw": "calendar_remove", "predicted_intent": "calendar_remove", "predicted_parameters": {"date": "Tuesday"}, "tsa": 0}
{"condition": "reverb_snr10", "prompt_variant": "expanded", "slurp_id": 10886, "gold_intent": "lists_query", "gold_sentence": "can i check my lists", "transcription": "Can I check my lists?", "asr_model": "mlx-community/whisper-large-v3-turbo", "wer": null, "predicted_intent_raw": "lists_query", "predicted_intent": "lists_query", "predicted_parameters": {}, "tsa": 1}
{"condition": "reverb_snr10", "prompt_variant": "expanded", "slurp_id": 7007, "gold_intent": "calendar_set", "gold_sentence": "set an appointment for allen on tomorrow", "transcription": "Set it apart with four hours of tomorrow.", "asr_model": "mlx-community/whisper-large-v3-turbo", "wer": null, "predicted_intent_raw": "calendar_set", "predicted_intent": "calendar_set", "predicted_parameters": {"time": "tomorrow", "duration": "four hours"}, "tsa": 1}
{"condition": "reverb_snr10", "prompt_variant": "expanded", "slurp_id": 8834, "gold_intent": "calendar_remove", "gold_sentence": "remove all my meetings for the rest of the week", "transcription": "I approve all my meetings for the rest of the week.", "asr_model": "mlx-community/whisper-large-v3-turbo", "wer": null, "predicted_intent_raw": "calendar_set", "predicted_intent": "calendar_set", "predicted_parameters": {}, "tsa": 0}
{"condition": "reverb_snr10", "prompt_variant": "expanded", "slurp_id": 538, "gold_intent": "alarm_set", "gold_sentence": "set an alarm for one pm", "transcription": "Set an alarm for 1pm.", "asr_model": "mlx-community/whisper-large-v3-turbo", "wer": null, "predicted_intent_raw": "alarm_set", "predicted_intent": "alarm_set", "predicted_parameters": {"time": "1:00 PM"}, "tsa": 1}
{"condition": "reverb_snr10", "prompt_variant": "expanded", "slurp_id": 7351, "gold_intent": "calendar_set", "gold_sentence": "in the calendar put that we are having dinner with frank at eight pm on the ninth of august", "transcription": "In the calendar, put that we are having dinner with Frank at 8pm on the 9th of August.", "asr_model": "mlx-community/whisper-large-v3-turbo", "wer": null, "predicted_intent_raw": "calendar_set", "predicted_intent": "calendar_set", "predicted_parameters": {"event_name": "dinner with Frank", "time": "8:00 PM", "date": "9th of August"}, "tsa": 1}
{"condition": "reverb_snr10", "prompt_variant": "expanded", "slurp_id": 8046, "gold_intent": "calendar_query", "gold_sentence": "how many meetings do i have next week", "transcription": "How many meetings do I have next week?", "asr_model": "mlx-community/whisper-large-v3-turbo", "wer": null, "predicted_intent_raw": "calendar_query", "predicted_intent": "calendar_query", "predicted_parameters": {"date": "next week"}, "tsa": 1}
{"condition": "reverb_snr10", "prompt_variant": "expanded", "slurp_id": 6881, "gold_intent": "calendar_query", "gold_sentence": "when is the next appointment on my calendar", "transcription": "When is the next appointment on my calendar?", "asr_model": "mlx-community/whisper-large-v3-turbo", "wer": null, "predicted_intent_raw": "calendar_query", "predicted_intent": "calendar_query", "predicted_parameters": {}, "tsa": 1}
{"condition": "reverb_snr10", "prompt_variant": "expanded", "slurp_id": 11047, "gold_intent": "lists_remove", "gold_sentence": "remove last played song", "transcription": "Let's play this room.", "asr_model": "mlx-community/whisper-large-v3-turbo", "wer": null, "predicted_intent_raw": "unknown", "predicted_intent": "unknown", "predicted_parameters": {}, "tsa": 0}
{"condition": "reverb_snr10", "prompt_variant": "expanded", "slurp_id": 8859, "gold_intent": "calendar_query", "gold_sentence": "what is my schedule for june fourteenth two thousand and seventeen", "transcription": "What is planned scheduled for June 14, 2017?", "asr_model": "mlx-community/whisper-large-v3-turbo", "wer": null, "predicted_intent_raw": "calendar_query", "predicted_intent": "calendar_query", "predicted_parameters": {"date": "June 14, 2017"}, "tsa": 1}
{"condition": "reverb_snr10", "prompt_variant": "expanded", "slurp_id": 937, "gold_intent": "alarm_remove", "gold_sentence": "phones", "transcription": "Phones.", "asr_model": "mlx-community/whisper-large-v3-turbo", "wer": null, "predicted_intent_raw": "unknown", "predicted_intent": "unknown", "predicted_parameters": {}, "tsa": 0}
{"condition": "reverb_snr10", "prompt_variant": "expanded", "slurp_id": 8270, "gold_intent": "calendar_set", "gold_sentence": "notification of meeting on wednesday", "transcription": "Notification of meeting on Wednesday.", "asr_model": "mlx-community/whisper-large-v3-turbo", "wer": null, "predicted_intent_raw": "calendar_query", "predicted_intent": "calendar_query", "predicted_parameters": {"date": "Wednesday"}, "tsa": 0}
{"condition": "reverb_snr10", "prompt_variant": "expanded", "slurp_id": 10746, "gold_intent": "lists_remove", "gold_sentence": "remove that item from my list", "transcription": "Remove that item from my list.", "asr_model": "mlx-community/whisper-large-v3-turbo", "wer": null, "predicted_intent_raw": "lists_remove", "predicted_intent": "lists_remove", "predicted_parameters": {}, "tsa": 1}
{"condition": "reverb_snr10", "prompt_variant": "expanded", "slurp_id": 10450, "gold_intent": "lists_query", "gold_sentence": "what is on my shopping list today", "transcription": "What is on my shopping list today?", "asr_model": "mlx-community/whisper-large-v3-turbo", "wer": null, "predicted_intent_raw": "lists_query", "predicted_intent": "lists_query", "predicted_parameters": {"list_name": "shopping"}, "tsa": 1}
{"condition": "reverb_snr10", "prompt_variant": "expanded", "slurp_id": 8208, "gold_intent": "calendar_query", "gold_sentence": "what time is the evening meeting i have with john", "transcription": "What time is the evening meeting I have with John?", "asr_model": "mlx-community/whisper-large-v3-turbo", "wer": null, "predicted_intent_raw": "calendar_query", "predicted_intent": "calendar_query", "predicted_parameters": {"event_name": "evening meeting", "person": "John"}, "tsa": 1}
{"condition": "reverb_snr10", "prompt_variant": "expanded", "slurp_id": 11041, "gold_intent": "lists_createoradd", "gold_sentence": "remind me to order more soap", "transcription": "Remind me to all dress up.", "asr_model": "mlx-community/whisper-large-v3-turbo", "wer": null, "predicted_intent_raw": "alarm_set", "predicted_intent": "alarm_set", "predicted_parameters": {"time": "unknown"}, "tsa": 0}
{"condition": "reverb_snr10", "prompt_variant": "expanded", "slurp_id": 10532, "gold_intent": "lists_query", "gold_sentence": "what were the last five lists i made", "transcription": "What were the last five years time man?", "asr_model": "mlx-community/whisper-large-v3-turbo", "wer": null, "predicted_intent_raw": "unknown", "predicted_intent": "unknown", "predicted_parameters": {}, "tsa": 0}
{"condition": "reverb_snr10", "prompt_variant": "expanded", "slurp_id": 9040, "gold_intent": "calendar_remove", "gold_sentence": "make blank on july three calendar", "transcription": "Make blend on July 3rd, Kanda.", "asr_model": "mlx-community/whisper-large-v3-turbo", "wer": null, "predicted_intent_raw": "calendar_set", "predicted_intent": "calendar_set", "predicted_parameters": {"event_name": "blend", "date": "July 3rd", "person": "Kanda"}, "tsa": 0}
{"condition": "reverb_snr10", "prompt_variant": "expanded", "slurp_id": 9144, "gold_intent": "calendar_set", "gold_sentence": "remind me that i have an appointment twelve o clock on saturday", "transcription": "Remind me that I have an appointment to overflow on Saturday.", "asr_model": "mlx-community/whisper-large-v3-turbo", "wer": null, "predicted_intent_raw": "alarm_set", "predicted_intent": "alarm_set", "predicted_parameters": {"time": "Saturday", "event_name": "appointment to overflow"}, "tsa": 0}
{"condition": "reverb_snr10", "prompt_variant": "expanded", "slurp_id": 7747, "gold_intent": "calendar_remove", "gold_sentence": "remove all data from my calendar", "transcription": "Move all details from my calendar.", "asr_model": "mlx-community/whisper-large-v3-turbo", "wer": null, "predicted_intent_raw": "calendar_remove", "predicted_intent": "calendar_remove", "predicted_parameters": {}, "tsa": 1}
{"condition": "reverb_snr10", "prompt_variant": "expanded", "slurp_id": 7474, "gold_intent": "calendar_set", "gold_sentence": "remember to fix a meeting between me and the players tomorrow evening by seven", "transcription": "Mamma to fix a meeting between me and the players tomorrow evening by Saturday.", "asr_model": "mlx-community/whisper-large-v3-turbo", "wer": null, "predicted_intent_raw": "calendar_set", "predicted_intent": "calendar_set", "predicted_parameters": {"event_name": "meeting", "person": "players", "date": "tomorrow evening by Saturday"}, "tsa": 1}
{"condition": "reverb_snr10", "prompt_variant": "expanded", "slurp_id": 6760, "gold_intent": "calendar_remove", "gold_sentence": "cancel my five pm daily call", "transcription": "Cancel my 5 p.m. daily call.", "asr_model": "mlx-community/whisper-large-v3-turbo", "wer": null, "predicted_intent_raw": "calendar_remove", "predicted_intent": "calendar_remove", "predicted_parameters": {"time": "5:00 PM", "event_name": "daily call"}, "tsa": 1}
{"condition": "reverb_snr10", "prompt_variant": "expanded", "slurp_id": 7846, "gold_intent": "calendar_query", "gold_sentence": "what reminders are coming up this week", "transcription": "What reminders are coming up for this week?", "asr_model": "mlx-community/whisper-large-v3-turbo", "wer": null, "predicted_intent_raw": "alarm_query", "predicted_intent": "alarm_query", "predicted_parameters": {"date": "this week"}, "tsa": 0}
{"condition": "reverb_snr10", "prompt_variant": "expanded", "slurp_id": 7653, "gold_intent": "calendar_set", "gold_sentence": "don't forget to remind me of my brother's birthday on april twenty", "transcription": "Don't forget to remind me of my brother's birthday on April 20th.", "asr_model": "mlx-community/whisper-large-v3-turbo", "wer": null, "predicted_intent_raw": "alarm_set", "predicted_intent": "alarm_set", "predicted_parameters": {"time": "April 20th", "person": "brother"}, "tsa": 0}
{"condition": "reverb_snr10", "prompt_variant": "expanded", "slurp_id": 7131, "gold_intent": "calendar_remove", "gold_sentence": "delete the wedding on the tenth from my calendar", "transcription": "Delete the word name on the 10th from my calendar.", "asr_model": "mlx-community/whisper-large-v3-turbo", "wer": null, "predicted_intent_raw": "calendar_remove", "predicted_intent": "calendar_remove", "predicted_parameters": {"event_name": "word name", "date": "10th"}, "tsa": 1}
{"condition": "reverb_snr10", "prompt_variant": "expanded", "slurp_id": 8047, "gold_intent": "calendar_set", "gold_sentence": "on february fourteenth make dinner reservations at the restaurant", "transcription": "14, make the reservations at the restaurant.", "asr_model": "mlx-community/whisper-large-v3-turbo", "wer": null, "predicted_intent_raw": "unknown", "predicted_intent": "unknown", "predicted_parameters": {}, "tsa": 0}
{"condition": "reverb_snr10", "prompt_variant": "expanded", "slurp_id": 8938, "gold_intent": "calendar_set", "gold_sentence": "john marriage anniversary", "transcription": "Parish anniversary", "asr_model": "mlx-community/whisper-large-v3-turbo", "wer": null, "predicted_intent_raw": "unknown", "predicted_intent": "unknown", "predicted_parameters": {}, "tsa": 0}
{"condition": "reverb_snr10", "prompt_variant": "expanded", "slurp_id": 7688, "gold_intent": "calendar_query", "gold_sentence": "do i have any reminders pending", "transcription": "Do I have any reminders?", "asr_model": "mlx-community/whisper-large-v3-turbo", "wer": null, "predicted_intent_raw": "alarm_query", "predicted_intent": "alarm_query", "predicted_parameters": {}, "tsa": 0}
{"condition": "reverb_snr10", "prompt_variant": "expanded", "slurp_id": 8668, "gold_intent": "calendar_query", "gold_sentence": "in the last year how many hours have i been in meetings", "transcription": "In the last year, how many hours have I been in meetings?", "asr_model": "mlx-community/whisper-large-v3-turbo", "wer": null, "predicted_intent_raw": "unknown", "predicted_intent": "unknown", "predicted_parameters": {}, "tsa": 0}
{"condition": "reverb_snr10", "prompt_variant": "expanded", "slurp_id": 4317, "gold_intent": "alarm_set", "gold_sentence": "set an alarm for ten o'clock tomorrow morning", "transcription": "Set on alarm for 10 o'clock tomorrow morning.", "asr_model": "mlx-community/whisper-large-v3-turbo", "wer": null, "predicted_intent_raw": "alarm_set", "predicted_intent": "alarm_set", "predicted_parameters": {"time": "10:00 AM tomorrow"}, "tsa": 1}
{"condition": "reverb_snr10", "prompt_variant": "expanded", "slurp_id": 9008, "gold_intent": "calendar_remove", "gold_sentence": "remove birthday event from my calendar", "transcription": "Move body weight from my calendar.", "asr_model": "mlx-community/whisper-large-v3-turbo", "wer": null, "predicted_intent_raw": "calendar_remove", "predicted_intent": "calendar_remove", "predicted_parameters": {"event_name": "body weight"}, "tsa": 1}
{"condition": "reverb_snr10", "prompt_variant": "expanded", "slurp_id": 4198, "gold_intent": "alarm_remove", "gold_sentence": "remove the alarm set for four hundred am", "transcription": "Remove the alarm sets for 400 AM.", "asr_model": "mlx-community/whisper-large-v3-turbo", "wer": null, "predicted_intent_raw": "alarm_remove", "predicted_intent": "alarm_remove", "predicted_parameters": {"time": "4:00 AM"}, "tsa": 1}
{"condition": "reverb_snr10", "prompt_variant": "expanded", "slurp_id": 10629, "gold_intent": "lists_remove", "gold_sentence": "please remove this item from the list", "transcription": "Please remove this item from the list.", "asr_model": "mlx-community/whisper-large-v3-turbo", "wer": null, "predicted_intent_raw": "lists_remove", "predicted_intent": "lists_remove", "predicted_parameters": {}, "tsa": 1}
{"condition": "reverb_snr10", "prompt_variant": "expanded", "slurp_id": 6823, "gold_intent": "calendar_set", "gold_sentence": "olly i want to go to the outdoor movie screening this weekend remind me", "transcription": "Oli, I want to go to the Outlaw Movie Screening this weekend. Remind me.", "asr_model": "mlx-community/whisper-large-v3-turbo", "wer": null, "predicted_intent_raw": "alarm_set", "predicted_intent": "alarm_set", "predicted_parameters": {"time": "this weekend", "event_name": "Outlaw Movie Screening"}, "tsa": 0}
{"condition": "reverb_snr10", "prompt_variant": "expanded", "slurp_id": 10797, "gold_intent": "lists_createoradd", "gold_sentence": "please add milk to the grocery list", "transcription": "Please add milk to the grocery list.", "asr_model": "mlx-community/whisper-large-v3-turbo", "wer": null, "predicted_intent_raw": "lists_createoradd", "predicted_intent": "lists_createoradd", "predicted_parameters": {"item_name": "milk", "list_name": "grocery"}, "tsa": 1}
{"condition": "reverb_snr10", "prompt_variant": "expanded", "slurp_id": 9049, "gold_intent": "alarm_set", "gold_sentence": "set an alarm for four pm tuesday", "transcription": "Set an alarm for 4 p.m. Tuesday", "asr_model": "mlx-community/whisper-large-v3-turbo", "wer": null, "predicted_intent_raw": "alarm_set", "predicted_intent": "alarm_set", "predicted_parameters": {"time": "4:00 PM Tuesday"}, "tsa": 1}
{"condition": "reverb_snr10", "prompt_variant": "expanded", "slurp_id": 10767, "gold_intent": "lists_query", "gold_sentence": "are eggs on my shopping list", "transcription": "More eggs on my shopping list", "asr_model": "mlx-community/whisper-large-v3-turbo", "wer": null, "predicted_intent_raw": "lists_createoradd", "predicted_intent": "lists_createoradd", "predicted_parameters": {"item_name": "eggs", "list_name": "shopping"}, "tsa": 0}
{"condition": "reverb_snr10", "prompt_variant": "expanded", "slurp_id": 7357, "gold_intent": "calendar_query", "gold_sentence": "what are the list of events in my calendar in march", "transcription": "What are the list of events in my calendar in March?", "asr_model": "mlx-community/whisper-large-v3-turbo", "wer": null, "predicted_intent_raw": "calendar_query", "predicted_intent": "calendar_query", "predicted_parameters": {"date": "March"}, "tsa": 1}
{"condition": "reverb_snr10", "prompt_variant": "expanded", "slurp_id": 7064, "gold_intent": "calendar_remove", "gold_sentence": "please delete all of my calendar events for the rest of the day", "transcription": "Please delete all of my Klingda events for the rest of the day.", "asr_model": "mlx-community/whisper-large-v3-turbo", "wer": null, "predicted_intent_raw": "calendar_remove", "predicted_intent": "calendar_remove", "predicted_parameters": {"event_name": "Klingda", "date": "today"}, "tsa": 1}
{"condition": "reverb_snr10", "prompt_variant": "expanded", "slurp_id": 10962, "gold_intent": "lists_remove", "gold_sentence": "i don't want this list any more", "transcription": "I don't want this list anymore.", "asr_model": "mlx-community/whisper-large-v3-turbo", "wer": null, "predicted_intent_raw": "lists_remove", "predicted_intent": "lists_remove", "predicted_parameters": {}, "tsa": 1}
{"condition": "reverb_snr10", "prompt_variant": "expanded", "slurp_id": 10468, "gold_intent": "lists_createoradd", "gold_sentence": "can you create a new list", "transcription": "Can you create a new lift?", "asr_model": "mlx-community/whisper-large-v3-turbo", "wer": null, "predicted_intent_raw": "lists_createoradd", "predicted_intent": "lists_createoradd", "predicted_parameters": {"list_name": "lift"}, "tsa": 1}
{"condition": "reverb_snr10", "prompt_variant": "expanded", "slurp_id": 10557, "gold_intent": "lists_query", "gold_sentence": "please show my list", "transcription": "Please show my list.", "asr_model": "mlx-community/whisper-large-v3-turbo", "wer": null, "predicted_intent_raw": "lists_query", "predicted_intent": "lists_query", "predicted_parameters": {}, "tsa": 1}
{"condition": "reverb_snr10", "prompt_variant": "expanded", "slurp_id": 4850, "gold_intent": "alarm_set", "gold_sentence": "set an alarm for five minutes from now", "transcription": "Set an alarm for 5 minutes from now.", "asr_model": "mlx-community/whisper-large-v3-turbo", "wer": null, "predicted_intent_raw": "alarm_set", "predicted_intent": "alarm_set", "predicted_parameters": {"time": "5 minutes from now"}, "tsa": 1}
{"condition": "reverb_snr10", "prompt_variant": "expanded", "slurp_id": 11076, "gold_intent": "lists_query", "gold_sentence": "what is that on the list", "transcription": "What is that on the list?", "asr_model": "mlx-community/whisper-large-v3-turbo", "wer": null, "predicted_intent_raw": "lists_query", "predicted_intent": "lists_query", "predicted_parameters": {}, "tsa": 1}
{"condition": "reverb_snr10", "prompt_variant": "expanded", "slurp_id": 10896, "gold_intent": "lists_remove", "gold_sentence": "remove item from my list", "transcription": "Real item from my list.", "asr_model": "mlx-community/whisper-large-v3-turbo", "wer": null, "predicted_intent_raw": "lists_query", "predicted_intent": "lists_query", "predicted_parameters": {}, "tsa": 0}
{"condition": "reverb_snr10", "prompt_variant": "expanded", "slurp_id": 5099, "gold_intent": "alarm_remove", "gold_sentence": "olly cancel alarms", "transcription": "Cancel alarm.", "asr_model": "mlx-community/whisper-large-v3-turbo", "wer": null, "predicted_intent_raw": "alarm_remove", "predicted_intent": "alarm_remove", "predicted_parameters": {}, "tsa": 1}
{"condition": "reverb_snr10", "prompt_variant": "expanded", "slurp_id": 8953, "gold_intent": "calendar_set", "gold_sentence": "let me know of the meeting on tuesday", "transcription": "Let me know of the meeting of you.", "asr_model": "mlx-community/whisper-large-v3-turbo", "wer": null, "predicted_intent_raw": "calendar_query", "predicted_intent": "calendar_query", "predicted_parameters": {}, "tsa": 0}
{"condition": "reverb_snr10", "prompt_variant": "expanded", "slurp_id": 4723, "gold_intent": "alarm_query", "gold_sentence": "list my different alarm", "transcription": "List my different alarm.", "asr_model": "mlx-community/whisper-large-v3-turbo", "wer": null, "predicted_intent_raw": "alarm_query", "predicted_intent": "alarm_query", "predicted_parameters": {}, "tsa": 1}
{"condition": "reverb_snr10", "prompt_variant": "expanded", "slurp_id": 8609, "gold_intent": "calendar_set", "gold_sentence": "cancel my meeting with lisa on tuesday and reschedule it for thursday", "transcription": "My meeting with Lisa on Tuesday and we schedule it for Thursday.", "asr_model": "mlx-community/whisper-large-v3-turbo", "wer": null, "predicted_intent_raw": "calendar_set", "predicted_intent": "calendar_set", "predicted_parameters": {"event_name": "meeting with Lisa", "date": "Thursday"}, "tsa": 1}
{"condition": "reverb_snr10", "prompt_variant": "expanded", "slurp_id": 232, "gold_intent": "alarm_set", "gold_sentence": "set an alarm at six in the morning", "transcription": "Set an alarm at 6 in the morning.", "asr_model": "mlx-community/whisper-large-v3-turbo", "wer": null, "predicted_intent_raw": "alarm_set", "predicted_intent": "alarm_set", "predicted_parameters": {"time": "6:00 AM"}, "tsa": 1}
{"condition": "reverb_snr10", "prompt_variant": "expanded", "slurp_id": 11065, "gold_intent": "lists_query", "gold_sentence": "hey olly what are my lists", "transcription": "Hey PDA, what are my lists?", "asr_model": "mlx-community/whisper-large-v3-turbo", "wer": null, "predicted_intent_raw": "lists_query", "predicted_intent": "lists_query", "predicted_parameters": {}, "tsa": 1}
{"condition": "reverb_snr10", "prompt_variant": "expanded", "slurp_id": 8594, "gold_intent": "calendar_set", "gold_sentence": "schedule an event in my calendar for the pool party at jack's place this saturday", "transcription": "Can you event in my calendar for the pool party at Jeff's place this Thursday?", "asr_model": "mlx-community/whisper-large-v3-turbo", "wer": null, "predicted_intent_raw": "calendar_set", "predicted_intent": "calendar_set", "predicted_parameters": {"event_name": "pool party", "person": "Jeff", "date": "Thursday"}, "tsa": 1}
{"condition": "reverb_snr10", "prompt_variant": "expanded", "slurp_id": 3956, "gold_intent": "alarm_set", "gold_sentence": "alert me in three hours", "transcription": "Let me in three hours.", "asr_model": "mlx-community/whisper-large-v3-turbo", "wer": null, "predicted_intent_raw": "alarm_set", "predicted_intent": "alarm_set", "predicted_parameters": {"time": "3 hours from now"}, "tsa": 1}
{"condition": "reverb_snr10", "prompt_variant": "expanded", "slurp_id": 8063, "gold_intent": "calendar_query", "gold_sentence": "when is my next reminder", "transcription": "When is my next reminder?", "asr_model": "mlx-community/whisper-large-v3-turbo", "wer": null, "predicted_intent_raw": "alarm_query", "predicted_intent": "alarm_query", "predicted_parameters": {}, "tsa": 0}
{"condition": "reverb_snr10", "prompt_variant": "expanded", "slurp_id": 11045, "gold_intent": "lists_query", "gold_sentence": "open my list", "transcription": "Open my list.", "asr_model": "mlx-community/whisper-large-v3-turbo", "wer": null, "predicted_intent_raw": "lists_query", "predicted_intent": "lists_query", "predicted_parameters": {}, "tsa": 1}
